time,25000,25179.5,25359,25538.5,25717.9,25897.4,26076.9,26256.4,26435.9,26615.4,26794.9,26974.4,27153.8,27333.3,27512.8,27692.3,27871.8,28051.3,28230.8,28410.3,28589.7,28769.2,28948.7,29128.2,29307.7,29487.2,29666.7,29846.2,30025.6,30205.1,30384.6,30564.1,30743.6,31461.5,31641,31820.5,32000
0.0,3.380876045518633,3.380060853997158,3.3792011047062585,3.3782927676196715,3.377331240705395,3.37631123722392,3.375226643860852,3.37407033960774,3.372833962902309,3.3715076065446214,3.370079413687391,3.368535031548116,3.3668568602425717,3.3650229952444253,3.363005701381905,3.3607691445079064,3.3582658998391923,3.355431349440081,3.35217422412872,3.348359589105498,3.343775629708623,3.3380612724483036,3.330521600428626,3.319523959868593,3.299277595227526,3.181458619533494,3.155491141198053,3.1545741059592087,3.156607269856856,3.159341754188383,3.1621776922154226,3.1649071787167795,3.1674572160462846,3.1757511467947586,3.17741633471254,3.178951086645532,3.180370226628688
58.68852459016394,3.1820682611245132,3.1815757557565663,3.18106202808752,3.1805257624560297,3.1799655219467016,3.1793797227924427,3.1787666151226857,3.1781242587953336,3.177450495303874,3.1767429130885767,3.1759988072212892,3.175215096875853,3.174388382061497,3.1735146955348092,3.1725894744630425,3.1716075767571157,3.1705627938157215,3.16944795705705,3.16825425498857,3.166971062453823,3.165584950330538,3.1640779634294827,3.162424070701615,3.160578396317553,3.158417309917557,3.150608530958752,3.134852771990102,3.125865757143973,3.121483074702514,3.1207075270563416,3.1207249311208507,3.1203697560316193,3.1215958263760557,3.1279068387781317,3.1291329962301218,3.1302911406475227,3.1313815231659143
117.37704918032787,3.14462517047835,3.144233466872107,3.1438260695720617,3.1434016824949276,3.142960950717544,3.1425014287221065,3.1420225936844055,3.1415228352613345,3.141001914333706,3.140458480526356,3.139889608718562,3.1392951368263833,3.1386732585605057,3.138020584774204,3.1373368106743285,3.1366180800893577,3.135861706721881,3.13506600610017,3.1342262005983725,3.133338481801522,3.1323994104771202,3.1314041458952255,3.1303464608751534,3.1292211487593904,3.1280222102491453,3.126313945371729,3.124208927016107,3.1238231015494766,3.1243672919016365,3.1253888424111897,3.1266327945234336,3.127957640568917,3.1292862674545447,3.1340883788529976,3.135128362554509,3.136107276631121,3.137029132833078
176.06557377049182,3.1413664531481724,3.1410378838884587,3.140696326442544,3.140341113438338,3.139972251106182,3.139588571073113,3.1391895797196794,3.1387743513735313,3.1383424340940786,3.1378929360209895,3.137424354529996,3.1369361714322324,3.136427228065066,3.135895749251398,3.135341058801406,3.1347611324933826,3.134154341953653,3.1335193889004604,3.132853803354184,3.1321554453716436,3.1314223043904876,3.130651886341469,3.129841303614139,3.1289884310743274,3.128092752760261,3.1274785642076304,3.1284416076280968,3.12967078410303,3.130994803397205,3.132327920743859,3.1336256738222517,3.134867658141954,3.136045484181877,3.1401193915512313,3.14099509475658,3.1418217507820785,3.14260313606939
234.75409836065575,3.1450827917881776,3.144803778937697,3.144512673249359,3.144209358283909,3.1438938182324487,3.1435655853488593,3.143224333379292,3.142869544669992,3.142500799327767,3.1421174972741723,3.141718810269987,3.141304174758089,3.1408727917220705,3.140423635336022,3.1399559766483014,3.139468634724467,3.138960508107015,3.138430552561671,3.1378773267472253,3.1372994513632873,3.1366955560642618,3.1360641192744874,3.1354035575178685,3.134712759254719,3.1339923687969073,3.133650614454987,3.1349961883376847,3.136316046522933,3.1375774335409465,3.1387697438863333,3.1398917993427506,3.140946624860129,3.141938519072661,3.1453670173579225,3.1461097695836586,3.146813748623441,3.1474818557572073
293.44262295081967,3.1495446022707188,3.1493157968185064,3.149072606393696,3.1488160128773526,3.1485466899758414,3.148264938270164,3.1479709002257716,3.1476645187909065,3.147345644447658,3.1470139891619895,3.146669133550057,3.146310660513158,3.1459380403692463,3.145550640496684,3.145147853870754,3.1447289232606845,3.1442930690925155,3.1438394835632324,3.1433672292632724,3.1428753488442496,3.1423628599178026,3.141828742266945,3.1412720138413137,3.14069201337303,3.140089596257213,3.1398302077557623,3.1410452349090714,3.1421938147885986,3.1432693748003513,3.144275893949445,3.1452193667009443,3.146105917779122,3.146940989170617,3.149851316946994,3.150488028471189,3.151093706312181,3.1516705108539367
352.13114754098365,3.1534321925716204,3.153278198130165,3.1530997722465264,3.1529005841854203,3.15268340141801,3.1524502433243087,3.152202546898884,3.1519412851434714,3.1516670746664595,3.151380251886139,3.151080936261281,3.150769081418652,3.1504445050454164,3.150106916544261,3.149755935462037,3.149391105261005,3.1490119024911687,3.148617742459535,3.1482079911756227,3.1477819693786793,3.1473389637882216,3.146878257635101,3.1463991946854453,3.1459013574262,3.145385586493485,3.145162564292216,3.146189941462749,3.1471570457312956,3.1480617096823296,3.148909463814769,3.149706262973101,3.1504575078148096,3.151167739494351,3.15366537344254,3.1542166042412223,3.1547425499781583,3.1552448331536684
410.81967213114757,3.1563967351505706,3.1563845705095193,3.156324721984588,3.1562248960999115,3.1560916048569085,3.1559302293387885,3.1557450830175604,3.155539540118478,3.1553161191889245,3.1550767773776927,3.154822841066605,3.154555214524188,3.1542744712616333,3.153980929654263,3.153674678148015,3.1533556672222245,3.1530237095514875,3.1526785056195834,3.1523196975695122,3.1519468550007965,3.1515594968997314,3.151157135289528,3.150739331872029,3.150305830442431,3.149857409710954,3.1496579214665874,3.150522794041763,3.151339288529516,3.1521056281449,3.152826468737029,3.1535066032255,3.154150276891677,3.1547610164617894,3.1569258851357382,3.1574071053737693,3.157867365895455,3.1583079079012686
469.5081967213115,3.1581844815676057,3.1584134855569093,3.158562746512227,3.1586428320597544,3.158663152013394,3.158632146719509,3.1585573098074624,3.158445263339243,3.1583016442039793,3.158131220455109,3.1579378440911485,3.1577246380908055,3.1574936520225405,3.157246905868311,3.156985526829489,3.1567103652089066,3.1564219459695497,3.156120537250204,3.155806241318127,3.15547900504544,3.155138663321153,3.1547849962205374,3.1544177892028387,3.154036946617981,3.153643208089668,3.1534626909865207,3.154197197778166,3.154893509088729,3.155549656520304,3.1561692351129422,3.156755953055448,3.1573130873291984,3.1578433570155564,3.1597352243214143,3.1601582012643594,3.1605635344320664,3.160952192005558
528.1967213114755,3.158583654633734,3.1591561797880625,3.159609991408771,3.159960558827433,3.1602207389516463,3.1604015737721474,3.1605126896742584,3.1605625493725023,3.160558809499638,3.1605085327747435,3.160418080255726,3.160293107957916,3.1601383601635806,3.1599581245595356,3.159755741237485,3.1595339326437957,3.1592947956536968,3.159039888866171,3.158770353330593,3.158486967005728,3.1581902265232933,3.1578804346189964,3.1575577821034444,3.1572224650482013,3.156875293537096,3.1567118479990888,3.1573422521598236,3.1579422428923953,3.158509702719906,3.1590473710587856,3.1595581135181314,3.160044472449771,3.1605085624284306,3.1621729687941014,3.1625468050110745,3.1629055874490213,3.163250085199541
586.8852459016393,3.157377715614529,3.1584295232231727,3.1593004331759054,3.160017786256974,3.160603333925118,3.1610748397049204,3.16144681408414,3.1617310577998285,3.1619373979764127,3.1620747744602244,3.1621506179271464,3.1621720234549513,3.1621454106778484,3.162076556638358,3.1619707759462763,3.1618328483270344,3.161666967641925,3.1614767153300547,3.1612650862883034,3.1610344909876034,3.160786830593246,3.160523521809164,3.1602456860503563,3.159954209813895,3.159650377670718,3.159503999899489,3.1600501983799205,3.1605718418131503,3.1610667729115973,3.161537090398957,3.1619850254220725,3.1624125545328456,3.1628213674737977,3.164293604448783,3.164625465084311,3.1649443291142974,3.1652508177615806
645.5737704918033,3.154167429970777,3.155914207982876,3.1573885878466084,3.1586248162510695,3.1596581008372415,3.160519629015705,3.161235275939306,3.1618256895626202,3.162307138302761,3.162693341362467,3.162994839626305,3.1632212518270855,3.1633800092039337,3.1634782619184407,3.163522232119355,3.1635176297602277,3.16346965479648,3.1633832739507053,3.16326281933252,3.1631123649688155,3.1629354909179526,3.16273527518986,3.1625143396897233,3.1622748486939263,3.162018881602859,3.1618935679029896,3.162370555940401,3.1628275048209193,3.1632621154691543,3.1636761944148004,3.1640714899228572,3.1644493817644483,3.164811389741674,3.1661192799328908,3.166414896021193,3.166699173993219,3.16697262291331
704.2622950819673,3.148666287427655,3.1511665013333165,3.1534250648235864,3.155398109921363,3.1570846387858684,3.1585098998298577,3.1597090635618716,3.1607162238376927,3.1615609741740194,3.1622679173916994,3.1628560094262297,3.1633411136052825,3.1637350565474445,3.164048187673309,3.1642892896446315,3.164464677469821,3.164580981056747,3.164644105030825,3.164658703612793,3.1646296538136243,3.164561273190689,3.1644574721542593,3.164321848487023,3.1641575878182486,3.163967273130503,3.1638740890909682,3.164293341997199,3.164695967854524,3.165079825324274,3.16544630519783,3.1657967886374565,3.1661323871829357,3.16645428956099,3.1676201177850323,3.1678841393208055,3.1681381771553747,3.1683826541950806
762.9508196721312,3.142198256498957,3.144763680889899,3.1474069666380666,3.1500012826667634,3.1524289753857513,3.154607908947757,3.1565039890659405,3.1581226151659947,3.159491994235489,3.160647707048534,3.1616224144523475,3.162444770725189,3.163136987896721,3.163717263789034,3.1642002011624957,3.1645961785480137,3.164914899404639,3.1651649617937108,3.1653511959559553,3.165480080928601,3.1655564822165823,3.1655849155826052,3.165568886645149,3.1655115912177205,3.165414780434883,3.165372095064959,3.1657425821454397,3.166099055261118,3.1664396478581516,3.166765366594126,3.1670773072288076,3.167376439067018,3.167663619992329,3.16870550280478,3.168941753133091,3.169169138682651,3.169388015038586
821.6393442622951,3.1371911196886346,3.13903419629828,3.141171680712521,3.1435574387162704,3.146108518030691,3.1487117019096598,3.151242010174817,3.153588550969686,3.155679606147623,3.157491371737056,3.159035811988043,3.160344309826232,3.1614516857009494,3.162389528643695,3.1631846052093793,3.163856950766486,3.164423517656693,3.164898259901187,3.1652896388474585,3.165607659728629,3.165857622085581,3.166046087239898,3.166177012428122,3.1662534815723515,3.166275776776924,3.166303356986052,3.1666322395223325,3.166949088177859,3.167252386636416,3.167542848385127,3.167821342823691,3.1680887222306735,3.168345581834389,3.169278484269103,3.1694901531498334,3.169693890556349,3.1698899988722586
880.327868852459,3.134501080303956,3.135530869278205,3.1368224008421453,3.1384040921371383,3.1402862940644884,3.1424508162835108,3.1448439730966578,3.147376536831662,3.149932561992409,3.1523898175566716,3.154645947536241,3.1566416211897645,3.1583633940354976,3.159829556914723,3.161073358507867,3.1621283514956944,3.163024547051781,3.1637871247791733,3.1644335067715157,3.1649802781757463,3.165437144555408,3.165814095230139,3.166118035344032,3.166351486318948,3.1665149831013304,3.1666320960988408,3.1669251827776885,3.167207669924389,3.1674785048762626,3.1677381918776084,3.1679874162648423,3.168226914917805,3.1684570881934038,3.169293490110205,3.169483260361366,3.1696658843018706,3.169841620460118
939.016393442623,3.13350614285101,3.1340063327310217,3.1346607285049846,3.1355062598209242,3.1365815649718716,3.137921820054832,3.1395515812668866,3.141475100269103,3.1436662584910184,3.1460629812806484,3.1485698984310995,3.1510693986003764,3.153443967874441,3.1556013955578064,3.1574953484409316,3.159122216189649,3.1605059248721186,3.161680866209723,3.1626786397540188,3.1635279288547573,3.164249209281836,3.1648599282166487,3.165372916634842,3.165794032205704,3.166126514196054,3.1663559500079588,3.1666180272399798,3.166870443982486,3.1671127709890396,3.167345371335723,3.167568777069446,3.16778360751951,3.16799012001166,3.168740483886237,3.168910620784764,3.169074276761076,3.169231674983158
997.704918032787,3.133391804465694,3.13362188149051,3.1339272782619423,3.1343316072494503,3.1348633842609677,3.1355557400120637,3.1364456127935387,3.137570605764687,3.1389633090034956,3.1406434821452396,3.142608395248327,3.1448230948667573,3.147217413888773,3.1496899516960113,3.152122715897038,3.15440385174271,3.1564536279241446,3.15823905269351,3.1597658433922633,3.161062424958745,3.1621612527881706,3.1630931884612132,3.1638824830278964,3.164544581362322,3.165088701922136,3.165463806955902,3.1656989006102374,3.165924774471821,3.1661418583705503,3.16635042579675,3.166550878864153,3.166743721576503,3.1669291045569916,3.167602238267171,3.167754660066434,3.1679011684370586,3.1680419579015475
1056.393442622951,3.133640580700897,3.1337515639878757,3.1338945645393124,3.1340821618213566,3.1343303155407822,3.134658567075269,3.1350913928950774,3.1356580281788355,3.136392014082745,3.1373298660792135,3.138508252547195,3.139956026764901,3.141687896798978,3.143693028821394,3.14592672871606,3.148310122285588,3.1507371222184815,3.1530904028498457,3.155266290897646,3.1571985503642757,3.1588665633210122,3.1602847779973033,3.161482580325793,3.162488780374318,3.1633251566221388,3.1639024649699032,3.164114100095242,3.164316374420916,3.164510948154685,3.164698045300218,3.164877956401428,3.1650510789469983,3.165217477232905,3.165820886307827,3.1659572370106717,3.1660881609264746,3.1662138289975634
1115.0819672131147,3.1339863248802837,3.1340555876161775,3.134134804204914,3.134230408499833,3.1343506588742134,3.1345058027869563,3.1347090937560402,3.134977403594742,3.135330995148731,3.1357950850781253,3.1363999893227437,3.1371791372474434,3.1381690361511865,3.1394039387250356,3.140909248832496,3.1426928058975214,3.144735024567293,3.1469805016657433,3.1493424281443123,3.1517100882766735,3.1539684672094226,3.156023845895945,3.157823457454761,3.1593569909816104,3.1606393142570406,3.1615243450620008,3.1617158383466983,3.1618969938722374,3.162071361216097,3.1622391520531274,3.1624005604080567,3.1625558935747673,3.1627051345280144,3.1632452399794007,3.163366932155727,3.16348361646307,3.163595444350608
1173.7704918032787,3.134298242893625,3.1343654953665188,3.134431062302499,3.134498446152474,3.1345719870858955,3.134657051594941,3.1347604866093457,3.134891195441831,3.135059955001592,3.1352807454303364,3.1355714197836813,3.1359529719805677,3.1364517417501174,3.137098238398731,3.137926556991277,3.138972085086386,3.1402669205157236,3.1418312992367112,3.143665949846831,3.1457404424225204,3.1479885448061657,3.1503147064875328,3.152604589853696,3.1547458364155276,3.156651383227312,3.158009717369748,3.1581844390109604,3.1583465896615737,3.1585027056874737,3.1586530286331476,3.1587976696300295,3.1589368688178228,3.1590705195608346,3.1595528451899275,3.159661098008405,3.1597647043990302,3.159863799546622
1232.4590163934427,3.134506572555977,3.1345949133621334,3.134674357723295,3.1347472175881728,3.1348161208452145,3.1348841573810637,3.1349550483063724,3.1350334981342907,3.1351252174529596,3.135237539489396,3.135380002845399,3.135564018443213,3.1358046049964856,3.136119943507147,3.1365325605912275,3.1370693885286287,3.137761677456326,3.138643342440173,3.139748941324982,3.141107190354721,3.1427327483057197,3.14461717063277,3.1467174510026217,3.148955679124941,3.1512249242527575,3.1530306135854893,3.153190742920886,3.1533356212486345,3.1534751139745008,3.15360951435906,3.1537388561896553,3.153863316295638,3.153982704067234,3.1544119459525284,3.154507798117942,3.154599317152518,3.15468662462318
1291.1475409836066,3.1345636830657346,3.134690565933045,3.134802659354057,3.1349019806015868,3.1349906101377454,3.1350707772896342,3.135144883036622,3.1352157707636854,3.1352866908572734,3.135361665126188,3.1354457349845912,3.1355450541909162,3.1356676157339685,3.135823230870218,3.136024434611409,3.1362870999395893,3.136630296618818,3.1370775194057368,3.1376567875901085,3.13839979178378,3.1393405809353996,3.1405121409186068,3.1419391841939093,3.143629806001882,3.145564246541165,3.1473049255775543,3.1474488198361743,3.1475776734401997,3.147701832420334,3.1478215684064788,3.1479368232177847,3.1480476632112726,3.1481538671817395,3.148533867532126,3.148618170346009,3.1486984152853115,3.148774712272822
1349.8360655737706,3.1344252055337525,3.134607744530943,3.134769422145815,3.134912390034696,3.135038752793541,3.1351506046095876,3.135249976681171,3.135339077846419,3.1354201749885617,3.1354958552762553,3.1355690816974424,3.1356434051687687,3.1357231542802877,3.135813673268827,3.135921684877942,3.1360558725109087,3.136226660597635,3.136447466771578,3.1367352354790845,3.137110087160477,3.1375968542512775,3.1382245614362136,3.139025931171299,3.1400353988687346,3.141285199462792,3.1425212038877826,3.1426466949590104,3.142760589979974,3.142870546279288,3.142976714497639,3.1430789318966372,3.14317712241771,3.1432710748286743,3.1436051665821845,3.143678663350372,3.143748346176883,3.143814314865377
1408.5245901639346,3.1340421111253276,3.134299246866567,3.1345286752146726,3.134732859270119,3.134914157845373,3.135074872892145,3.1352171183369237,3.135343077347367,3.135454801013255,3.1355544396001185,3.1356441788596214,3.1357264987572595,3.1358040810988514,3.1358801140293306,3.135958423475904,3.1360437501910496,3.1361418383128163,3.1362600000652905,3.1364076504574454,3.1365960439684626,3.136839906172124,3.1371569433229727,3.137569362932692,3.1381038653441684,3.1387922418001803,3.139514528589751,3.1396223031716612,3.139722398327524,3.139819264302724,3.1399129052201307,3.1400030618135664,3.140089534324143,3.1401721166772507,3.140463456877157,3.1405268578051424,3.1405866603391583,3.140642955613473
1467.2131147540983,3.1333586992118425,3.133711791991658,3.1340293493253197,3.1343142342239045,3.1345691590396334,3.134796768060257,3.1349994385267212,3.1351795981642656,3.1353394306810705,3.1354811346299596,3.135606766492196,3.1357185500086078,3.1358185951511532,3.1359092419606744,3.13599306635732,3.1360729958418445,3.136152415228995,3.1362355133875157,3.136327444817099,3.136434511714458,3.136564915490944,3.136728553998317,3.13693831334962,3.1372105985244882,3.137565657480682,3.1379535776364005,3.1380459094724715,3.1381333611623536,3.138218183856968,3.138300263406211,3.1383792615716324,3.138454888240093,3.1385269240037634,3.138778471441652,3.1388324455976746,3.1388830112231996,3.1389302518973654
1525.9016393442623,3.132312290837276,3.1327855709192103,3.1332141973242456,3.1336015983070724,3.1339509767577476,3.134265418919849,3.1345476590300096,3.134800484387396,3.1350263490766563,3.135227703093783,3.135406753712541,3.1355658529449224,3.1357070739054165,3.1358325394475943,3.135944499265502,3.136045204765116,3.1361370401028883,3.136222798193641,3.1363055931956083,3.136389158421108,3.1364781125235743,3.136578074682803,3.136696223903996,3.136841958896175,3.1370268627599374,3.137233381318637,3.137312375968624,3.1373882063748377,3.1374619075861454,3.1375332813266317,3.1376019249812592,3.1376674814145797,3.1377297065190985,3.1379441154778207,3.1379892643284446,3.138031171718714,3.1380699147685744
1584.5901639344263,3.1308305891991632,3.131452765916563,3.1320190697370838,3.132533863166881,3.1330011411566066,3.1334246565646815,3.1338076729638114,3.1341534710923313,3.134464881439996,3.1347447119673757,3.134995438633112,3.135219701944777,3.135419718444877,3.1355978059881973,3.135756193880489,3.135897064034867,3.1360225133153374,3.1361348837013026,3.13623647228577,3.1363298744371013,3.1364180340555836,3.136504380029548,3.1365930967766653,3.1366894613336425,3.1368000745572315,3.1369198174022994,3.1369870533223465,3.137052135115167,3.137115511639947,3.137176925894138,3.137235920544968,3.137292084863873,3.1373451458165773,3.1375247535060904,3.137561606857278,3.1375953658393057,3.1376261020089116
1643.2786885245903,3.1288238742912755,3.1296316806595703,3.130368780404852,3.131041091029986,3.1316539393582614,3.1322121901953057,3.1327200059300013,3.133181450189673,3.1335999576338445,3.13397887000781,3.1343210678577824,3.134629596613444,3.1349069157909186,3.135155714295247,3.1353783301085687,3.1355771401548176,3.1357542739158424,3.13591208405217,3.1360526637275523,3.1361782451017413,3.1362911398203,3.1363938304300634,3.13648909770556,3.1365801802332114,3.1366709128642674,3.13675818234214,3.13681482682507,3.136869906366737,3.136923648269306,3.1369757531146893,3.1370257158249437,3.137073079556571,3.1371175418854116,3.1372643946383914,3.1372934161577763,3.137319472936572,3.1373426315062094
1701.9672131147543,3.1261713579700454,3.127214992735082,3.1281671400302455,3.129036788430155,3.129830588836575,3.130555463487692,3.1312170889040365,3.131820829209503,3.1323711670389995,3.1328723382854444,3.1333279188059677,3.133741582680709,3.1341162407551937,3.134455015055131,3.134760552002486,3.135035534026227,3.135282259764331,3.1355032968695773,3.1357008066148317,3.1358770187689173,3.136034125140574,3.136174316065395,3.136299842782605,3.1364130695204806,3.1365164483128125,3.13660292683682,3.136649877568289,3.136695599498925,3.1367403076130387,3.1367836709620764,3.136825141846523,3.136864221880382,3.136900580318992,3.1370164686295468,3.137038063727717,3.1370568082026393,3.1370728496147793
1760.655737704918,3.1227035638656706,3.1240532032753308,3.125282566923217,3.1264044652448524,3.127427681121187,3.1283620936872487,3.129215641771208,3.1299957337871698,3.1307085866968,3.1313599255136,3.1319545391597368,3.132497153419662,3.132991506133523,3.133441399025997,3.1338500458863194,3.1342206164395177,3.1345557161755457,3.134858268689117,3.1351306516526143,3.135375252003315,3.135594373888141,3.135790212895243,3.135964909623796,3.1361205358624433,3.1362588983747766,3.136365054935341,3.136403038971294,3.1364399662681257,3.136476167456719,3.1365112881662567,3.136544741924154,3.1365759920283582,3.1366046811414563,3.1366911769453347,3.136705701146235,3.1367174750564706,3.1367266472015554
1819.344262295082,3.1181929269586797,3.119939347397388,3.1215300468189127,3.122979905366226,3.1243007278267036,3.125504865935307,3.1266034495088237,3.127606644568966,3.128523361886645,3.129361549407175,3.1301279600668095,3.130829026136639,3.131469914723841,3.1320555830713244,3.132590249059166,3.1330779229859678,3.133521791330487,3.133925361836944,3.1342914273945217,3.134622676745249,3.1349216862911264,3.135190809875022,3.1354322697131485,3.135648108714804,3.13583981172106,3.135981268689384,3.1360109036982675,3.1360395317864005,3.1360676905372484,3.136095008434016,3.136120863736928,3.1361446837495475,3.136166086447195,3.1362245734130436,3.1362323391489335,3.1362374424944535,3.136239930252347
1878.032786885246,3.112380102459793,3.1146178358534033,3.1166672641896342,3.118540048745494,3.120247979209553,3.1218039494672127,3.1232216014124257,3.1245140862978706,3.1256929210296587,3.1267692415345554,3.127752526416553,3.1286518558920626,3.12947457460539,3.130227510234262,3.1309165434127797,3.1315470969560364,3.132123423632395,3.1326500188736963,3.133130449353999,3.133567969185565,3.133965669128884,3.1343262447556888,3.134652160814264,3.134945598536086,3.1352078623610717,3.135398564749552,3.135420394293297,3.135441161189947,3.1354616880881534,3.1354815920172032,3.1355002189160097,3.135516962059616,3.1355314164157453,3.135563114266408,3.1355643962464406,3.1355630924465587,3.1355591708839996
1936.72131147541,3.105079062122223,3.107857549525945,3.1104395353533825,3.1128243498292396,3.1150155361964416,3.117020918892514,3.1188518820276565,3.1205217052043284,3.122042937633225,3.1234294264321267,3.1246934242103928,3.125847693697023,3.1269017383370414,3.12786537022734,3.1287470889187166,3.129554450474225,3.130293497250961,3.130970332375489,3.131589866418592,3.132156377581737,3.1326738824905576,3.1331457451628624,3.1335749388897347,3.1339640173917354,3.1343142606655126,3.1345679715795844,3.1345824851486115,3.1345957786124226,3.1346090368630875,3.1346218707718965,3.1346335965406507,3.1346435751107897,3.1346513798573388,3.1346573632971313,3.1346524026053157,3.1346449225162143,3.1346348238908686
1995.409836065574,3.0963555523505644,3.099611440090765,3.102710265012407,3.1056320934514368,3.1083632087597137,3.110896910125466,3.1132333288459995,3.115377920227119,3.1173391045570984,3.119128993400133,3.1207601963642237,3.122247792710003,3.1236031867309,3.1248396991305625,3.125968545009788,3.127000448018409,3.127944046105586,3.128807973957334,3.1295992313605727,3.1303237913057003,3.130987226746542,3.1315941023356144,3.1321483483709955,3.132653287333112,3.133110474412765,3.133441900969974,3.1334495484784903,3.133455711395408,3.133462021830422,3.1334680895265237,3.133473203238605,3.1334766930139484,3.1334781116988553,3.133459324902101,3.13344833218408,3.133434876886589,3.1334188419600686
2054.098360655738,3.0866524762890135,3.0901824080128883,3.0936431274491505,3.0969992405666815,3.100218853355712,3.10327595370353,3.106151737796357,3.1088346321603666,3.1113193176658043,3.11360738440631,3.1157046657563376,3.1176223838329395,3.119371161864754,3.120965393591855,3.122417813964056,3.123742255671005,3.124950613724459,3.1260542162926495,3.127063229601914,3.127986178368225,3.128830949730875,3.1296042019863664,3.1303114318974656,3.130957340784898,3.131544277531018,3.1319707174465097,3.1319719246703626,3.131971260011935,3.1319708982086154,3.13197046728438,3.1319692233047824,3.1319664669591742,3.131961731070244,3.1319189985824103,3.1319021563023437,3.131882899312433,3.13186111338622
2112.786885245902,3.076709118656401,3.0802275650886526,3.0837824070090596,3.08733681834202,3.0908517973482614,3.0942892253817837,3.09761396343662,3.1007955797056646,3.1038093614704243,3.1066381597901764,3.1092714973876374,3.1117070913425415,3.113946256817676,3.115997271687306,3.117870006424016,3.119577705257587,3.1211339288301474,3.1225516923336176,3.1238443695089506,3.1250240768251465,3.1261009649116795,3.1270850180677794,3.1279841435356275,3.1288051842789195,3.1295521885254898,3.130096119706634,3.1300913085625908,3.130084084364924,3.130077294617148,3.1300705995769835,3.130063220606719,3.1300544304402425,3.1300437419522034,3.129977777282704,3.1299552414921736,3.12993033037969,3.1299029438518375
2171.475409836066,3.067280527571973,3.0705350354388417,3.0739057406270356,3.0773695448981684,3.0808965463105547,3.084452064394843,3.0879982794120764,3.091496251311921,3.094908184577557,3.0981997435309454,3.1013413148117746,3.1043106214698892,3.1070910359524904,3.1096748093713744,3.1120594377782447,3.1142492822948826,3.1162527932059474,3.1180807367945294,3.1197463902515503,3.121264087622585,3.122645720048175,3.123904577295789,3.1250521730642573,3.1260975287934656,3.1270477061747406,3.1277405960043096,3.1277302125095328,3.12771666713105,3.1277036582082287,3.1276909035854907,3.1276775833953754,3.1276629604144133,3.1276464941240736,3.1275579072179904,3.127529809177901,3.127499366926446,3.12746650099649
2230.1639344262294,3.058828464738285,3.061701652281834,3.064713685978617,3.067864120815401,3.071143643838775,3.0745348230893956,3.078012915363995,3.0815467716380964,3.0851008574716414,3.088636833819136,3.092115488135142,3.0955000150081853,3.098756265230014,3.10185657546722,3.104779001876485,3.107509752518803,3.1100421276513055,3.112375244911327,3.1145145411478126,3.1164695814101075,3.1182511327581324,3.1198726661430256,3.1213482769183374,3.1226888193145816,3.123904666173875,3.1247923289427297,3.1247768814367394,3.124757229107809,3.1247381849234164,3.1247192202473193,3.124700453948126,3.124680164595054,3.124658070143059,3.1245473737642953,3.124513821073041,3.124477947379238,3.1244393670109027
2288.8524590163934,3.051336856205561,3.0538933501638446,3.056544452075794,3.0593134738726113,3.0622154097250363,3.0652565012327506,3.0684344212983063,3.071738085836308,3.0751484492900234,3.0786392815118067,3.082178089451195,3.085728817073967,3.0892522783811445,3.0927097313001135,3.0960641272262976,3.0992829874485497,3.1023395316219315,3.105213509923701,3.1078927185623297,3.11037196366543,3.112651545641252,3.1147378085582886,3.1166408252704683,3.118370959625535,3.119939226482226,3.121086392680586,3.1210664874958547,3.1210409231746943,3.121016039364845,3.1209908540718874,3.120966950248677,3.1209411004404917,3.1209135037126194,3.120781118241365,3.1207421957893504,3.1207009676801163,3.1206565719942256
2347.5409836065573,3.0442780720601004,3.046762052597879,3.0492344920537713,3.0517396033068307,3.054314911948775,3.0569898144299334,3.0597861618601194,3.062716998295081,3.0657868982850918,3.06899170863307,3.0723185198559193,3.0757467826924305,3.0792486348421004,3.0827906465714414,3.086335567761353,3.089844170029639,3.0932777275200682,3.0965997338400078,3.099778630688336,3.102788929319858,3.105611776114295,3.108236346031021,3.1106586811068295,3.1128795890027012,3.1149036543067448,3.116392272035653,3.116368616187042,3.116337318883006,3.116306742689585,3.116276104108126,3.1162465425675987,3.1162152405492898,3.116182243929327,3.1160284968908796,3.115984266573329,3.1159377377937716,3.115888209022283
2406.2295081967213,3.03665309299408,3.0394758683327843,3.0421190854769837,3.0446514976006345,3.047131649086387,3.049609563819487,3.0521282106889873,3.05472340526521,3.0574229072369277,3.0602469738765037,3.0632068026438595,3.06630520532785,3.069536159996249,3.072885122115831,3.07632969709513,3.0798406672933347,3.083383722571768,3.0869205951357737,3.0904117406459406,3.093818583408863,3.097105094737647,3.100240542853621,3.1032005091305264,3.1059669720555565,3.108527766972641,3.1104363479701957,3.1104096346190686,3.1103727605111025,3.1103366140876725,3.110300649133481,3.110265493969867,3.1102288247243286,3.110190506231388,3.11001562870235,3.109966128102237,3.1099143279938177,3.109859717594082
2464.9180327868853,3.026864166660538,3.030696827900366,3.034062965472913,3.0370875829582995,3.0398691212942524,3.042486696479874,3.045006185024196,3.047484493360983,3.0499696208203577,3.0525031722962654,3.055119262264,3.0578441475581846,3.060696245937859,3.0636850832421163,3.0668115110037104,3.0700678064430362,3.0734376204624194,3.076896993175778,3.0804151539035076,3.083956770355221,3.0874827758765764,3.09095318212769,3.0943293561496454,3.0975752872425546,3.100658601918537,3.103008785371444,3.1029793488745363,3.1029370022804783,3.1028953704432825,3.1028541571558748,3.1028134788935553,3.1027715031430034,3.1027279154867426,3.1025320391341213,3.102477280725462,3.102420213371623,3.102360508517187
2523.6065573770493,3.012045934758283,3.0181277378341105,3.0232102975434545,3.027518510714535,3.031240956502421,3.0345271386702906,3.037495050030796,3.040238788923158,3.042833504335484,3.045342656744411,3.047821008342621,3.050315152917188,3.052864892337202,3.055502944111351,3.0582537647420787,3.061134215949567,3.0641518744642595,3.06730584464771,3.070586528785452,3.0739757921805606,3.077448011818637,3.080970926637348,3.084507962584679,3.0880188226930194,3.0914608533601564,3.0941607456766747,3.094128147147665,3.0940803479579353,3.0940332685084404,3.093986812444632,3.093940682861863,3.093893432812827,3.093844599955799,3.093627743526153,3.093567710900179,3.0935053508964296,3.0934404771376682
2582.2950819672133,2.9875557943204982,2.997702077295725,3.00618376973763,3.0132203044767665,3.0190645873582076,3.023961872695093,3.0281297913535483,3.031748878105595,3.0349603830126206,3.0378761817110047,3.04058537014204,3.0431602480047637,3.045661329046959,3.0481418500023674,3.050646422624253,3.053213705087907,3.0558745676862316,3.05865193378107,3.061560925102762,3.0646071961371506,3.0677880125580175,3.0710918138836347,3.074498617333132,3.0779807250451805,3.081502358695143,3.0843472066040127,3.0843101561429105,3.08425681461378,3.084204275062985,3.084152534050819,3.0841010033434317,3.084048497557819,3.083994414203567,3.0837564773083885,3.0836911223169525,3.08362341138422,3.083553251242646
2640.9836065573772,2.94959954532567,2.964701509976052,2.9780887237726774,2.989648423058179,2.999421409455323,3.0075688387809896,3.0143234612580416,3.0199411789692685,3.0246630609183294,3.028699260901917,3.032221371374921,3.035363755448875,3.038231470679865,3.0409098108940262,3.0434671454924214,3.045962551806602,3.048446961583857,3.050963665480314,3.053549678651724,3.0562342791340202,3.059038729381956,3.0619761993224226,3.065050522372967,3.068256724110865,3.071579504361578,3.074330459708089,3.0742872975021496,3.07422825362715,3.0741702030226703,3.0741131084039877,3.0740561896281666,3.0739984135674554,3.073939044489925,3.0736798115908814,3.0736090498891273,3.0735358916444966,3.0734602947108036
2699.672131147541,2.900827182411672,2.918974188350678,2.9364108582712283,2.9526988895651183,2.96746632857257,2.9804748522028746,2.991645515384373,3.0010507572540983,3.0088733652649986,3.015357178189578,3.020758956489911,3.0253154733048757,3.029227879125676,3.0326598728484586,3.0357375551036543,3.038561307922613,3.041211627656829,3.0437543699185428,3.0462462337498093,3.0487365002305618,3.0512668160944916,3.053872660935027,3.0565816707654974,3.059413135784954,3.0623768088382533,3.0648637924510305,3.0648132012216953,3.064748365822422,3.0646847282096656,3.0646221907276514,3.0645598553385027,3.064496679531077,3.064431953850634,3.064151048058111,3.0640747491437383,3.0639959982049163,3.0639147718885384
2758.360655737705,2.8491313280173527,2.8675122985059813,2.8859826754880435,2.904407170801725,2.922459779600002,2.9397097821746714,2.955720187053515,2.9701408365411486,2.982764500201855,2.9935473181589765,3.002590916223644,3.010098852887251,3.0163229465985193,3.021520025131738,3.0259199224815125,3.029716356397852,3.0330638491831716,3.0360819549200553,3.0388653899068623,3.041490922526833,3.0440215319103987,3.0465118983827755,3.0490097611041778,3.0515547837565227,3.0541796265212273,3.056368968463015,3.056310477881391,3.0562397482484025,3.056170424454077,3.0561023222963457,3.056034497489127,3.0559658453639624,3.0558956465212033,3.055592395447083,3.0555103678977633,3.0554258143761617,3.0553387006341794
2817.049180327869,2.796437282381005,2.815743548949336,2.8343292631891575,2.852682155677407,2.871079401077811,2.8895659308718145,2.907959338990315,2.9259006781153465,2.942944144088307,2.9586603651973826,2.972722255174747,2.9849567181899728,2.9953535745264177,3.004043270201271,3.011246285264119,3.0172218965562356,3.0222243316270596,3.0264769718388314,3.0301645161318738,3.0334333807611626,3.036396212053042,3.0391428312023985,3.041746226335188,3.044266702052157,3.046755667800414,3.048765573627788,3.048699701020314,3.0486229019350635,3.0485477646296864,3.0484739305938224,3.0484004975921546,3.0483262132335325,3.048250368234874,3.0479239231305053,3.047835897449681,3.047745248805722,3.047651898954923
2875.7377049180327,2.73243231843369,2.7576872543786015,2.780003773421293,2.8003114996389376,2.819393355050697,2.837878429296542,2.8562146334987837,2.8746334037756185,2.893130890323118,2.9114800610934535,2.9292915816231777,2.9461097254601785,2.9615153075068132,2.975208501530232,2.987050040573457,2.9970641884400346,3.0054075379218297,3.012316396663217,3.0180543311424612,3.0228723090789087,3.0269859515551913,3.0305711890927585,3.033766183641686,3.036677095636703,3.039387526733323,3.0414671878613926,3.041395300155998,3.0413124587267317,3.041231330792716,3.0411515366805744,3.041072308756482,3.040992161860732,3.0409104232001334,3.0405595767391485,3.0404651868743184,3.040368048103952,3.0402680070241783
2934.4262295081967,2.636572396938127,2.6762692317280976,2.709549807931772,2.737840069062637,2.7623564752613894,2.7841457607198583,2.8041070096327574,2.8229925314817024,2.841397762108589,2.859729506198963,2.8781727809814184,2.89667462051669,2.9149651614195835,2.932628138062299,2.94920153443355,2.964281285810305,2.9775963860338552,2.9890429832422853,2.9986783057651776,3.0066836853075847,3.013308670481034,3.018819222801804,3.023461502063755,3.027442673245573,3.030928056151922,3.0334588519435566,3.0333830906684542,3.0332940424578627,3.033206684030076,3.0331206488369467,3.0330353399784427,3.0329490207001437,3.0328610551886515,3.0324842037854367,3.0323829676342853,3.0322788206712503,3.0321715280236576
2993.1147540983607,2.476539142531633,2.5440639728879946,2.599591968021277,2.6454660216698063,2.6836265882876766,2.7156980570561395,2.7430569213376916,2.766879723980832,2.788180764358477,2.807828239117832,2.8265440646861086,2.844888956625624,2.8632271686758606,2.8816961242391157,2.9001936661997867,2.91840986610159,2.935904672806498,2.952214632270588,2.9669538797780453,2.9798828416026635,2.9909330526380677,3.0001938475319103,3.007869002957947,3.0142184602887077,3.019506388223621,3.0231571542034805,3.023081281490122,3.0229859525256133,3.022892072732548,3.02279947988681,3.0227076786387252,3.0226147891348836,3.0225201670891892,3.0221152595186878,3.0220065622870584,3.021894748368757,3.021779537572077
3051.8032786885246,2.19880958278662,2.3168101095481357,2.413184469514208,2.492044597553625,2.556727818607521,2.6099624306410827,2.6539950518657616,2.690689965387651,2.721612148600639,2.7480902914452483,2.771263479925057,2.7921140902365726,2.8114794924280617,2.8300513117608346,2.8483532474049835,2.8667069496328312,2.8852005336243947,2.9036837609785127,2.9218084363282206,2.939115117159796,2.9551429843345436,2.9695275249351045,2.982062253020178,2.992713455388597,3.001597481871182,3.007630421833519,3.007561940172297,3.0074604906967775,3.0073597974258583,3.0072603009051138,3.007161484781932,3.0070615333628883,3.006959721284126,3.006524210464526,3.0064072924449783,3.0062869996512958,3.0061630687292946
3110.4918032786886,1.722175085930554,1.919662701582816,2.087915823468634,2.2263072491590656,2.3391791414851077,2.43140080608899,2.506897144351215,2.568859015085944,2.6198991700166516,2.662171976562062,2.6974696194024146,2.727300441437755,2.7529472724846813,2.7755133881915914,2.795949691430289,2.815063801480096,2.8335155331101003,2.851791000065007,2.8701673655019273,2.888682120613503,2.90713910957036,2.925153528583661,2.942250738886032,2.9579754778481404,2.971982104924982,2.981926725917688,2.98187591245501,2.981768603762447,2.9816607545802567,2.981553891278453,2.9814474531102926,2.9813398237953623,2.9812301587970724,2.9807609004989044,2.9806348378492227,2.9805050838658427,2.980371425374683
3169.1803278688526,,,1.534516768981668,1.767982638206765,1.95800994798953,2.120328203933143,2.252641680185995,2.360601701125715,2.4488452306299497,2.5211193874135582,2.580475645064774,2.629416582554004,2.6700084728443616,2.703974968895876,2.7327699877180516,2.757633596665181,2.7796342072365583,2.7996913711594353,2.818583534264768,2.8369375706337956,2.8552008076321505,2.8736036457080716,2.8921343210122674,2.910548002477598,2.9284197172384108,2.9421477958859956,2.942115578375989,2.9420017259039906,2.9418859687132266,2.9417709536479233,2.941656140558473,2.94154003251361,2.9414216818103864,2.940914848711727,2.94077854387564,2.940638169948723,2.940493539097283
3227.8688524590166,,,,,,1.5876958962594918,1.8122639727938987,1.9960970200811494,2.151358730723053,2.2778556938528514,2.3811114654665464,2.4655444261510984,2.534732440899891,2.591594477102725,2.638527450679076,2.677514622019498,2.710213884798186,2.738027309778148,2.7621542393802803,2.783628775174597,2.803341165543675,2.8220389874418026,2.840315240228918,2.8585756058374012,2.876994061828722,2.8919752731010937,2.8919447758189234,2.8918220506269368,2.891696981458315,2.891572651107683,2.8914484570227663,2.8913228636923884,2.891194814218189,2.8906459321086837,2.890498129598982,2.890345819981235,2.8901888112626106
3286.5573770491806,,,,,,,,,1.6390540421937934,1.8550645502949428,2.032707866536325,2.181059792165872,2.3019895557795262,2.4007400479124668,2.481522837454107,2.547755512179672,2.6022303286520723,2.6472436226229017,2.6846993983250473,2.716192751277991,2.743076947944305,2.766511672719031,2.787497999098743,2.806895179011838,2.8254115721474657,2.840132541099024,2.8400887926544143,2.8399548912817973,2.8398189983201743,2.8396840562869725,2.8395493135010526,2.839413074652949,2.8392741551820624,2.8386781060708275,2.8385173918337014,2.838351675887006,2.8381807476522227
3345.2459016393445,,,,,,,,,,,1.4325530328840723,1.688655858088173,1.8964318756810852,2.0677322806993117,2.2094799580969995,2.3250806105083783,2.4195162520157614,2.4968029922224524,2.560205783791257,2.612396008796393,2.655574255754351,2.691568599553205,2.721914253688031,2.7479161768747002,2.7706867860172224,2.7874119079749407,2.787365279104286,2.7872198292148664,2.787072141386354,2.7869254716740683,2.7867790094609854,2.7866308992578412,2.78647983531749,2.7858309860507036,2.7856558201919857,2.7854751098109087,2.7852886207171434
3403.9344262295085,,,,,,,,,,,,,,1.4903675574318629,1.7365587484917582,1.9364064024771173,2.101231321199636,2.2366642163989354,2.3471629434501105,2.437465914846292,2.511403914808362,2.572096300744472,2.622098626573768,2.6635180283281907,2.698097021664698,2.72209768023726,2.722080745340392,2.721925060122061,2.721765083558057,2.721605723713421,2.7214463887474403,2.721285145817191,2.721120595488722,2.7204130153977184,2.720221798514764,2.7200244581132456,2.719820745580806
3462.622950819672,,,,,,,,,,,,,,,,,1.5461300520427685,1.7828145921396257,1.9750263500513054,2.133259787379429,2.2626518313860586,2.368264181988955,2.4546056001612584,2.5253276077324376,2.583389504327272,2.6228256147319957,2.622889355160863,2.622726288887253,2.6225540154679257,2.6223811713108107,2.622207919755009,2.6220323120842943,2.6218528917092763,2.621080736695285,2.620871899806032,2.6206563482276115,2.6204338159937115
3521.311475409836,,,,,,,,,,,,,,,,,,,,1.5999133531563114,1.8274680319294347,2.012319745404521,2.163855895916829,2.287453017668076,2.388325221303805,2.4563607933601803,2.4565875682525244,2.4564226016616,2.4562389464246284,2.456052376194465,2.455864271612942,2.4556732170856863,2.4554778125034136,2.4546355578815304,2.454407511038592,2.4541724157453326,2.4539294546305945
3580.0,,,,,,,,,,,,,,,,,,,,,,,1.6517602234779618,1.8705129725690897,2.048163436757265,2.167545440756558,2.168077793721006,2.1679215975458215,2.1677292868569573,2.1675294983733675,2.167326261325467,2.1671189724893676,2.1669065076022545,2.165989033988903,2.165740705507126,2.1654844938304576,2.1652200532254726
