Test_Time(s),Voltage(V)
1.0004,3.330509
2.0006,3.331364
3.0004,3.330784
4.0003,3.329746
5.0006,3.330204
6.0004,3.329807
7.0001,3.330936
8.0005,3.33057
9.0002,3.330326
10.0005,3.329411
11.0003,3.330662
12.0004,3.329807
13.0004,3.330509
14.0001,3.330631
15.0003,3.331455
16.0002,3.330967
17.0004,3.330723
18.0004,3.331699
19.0003,3.330051
20.0004,3.33054
21.0006,3.331516
22.0002,3.331455
23.0002,3.331089
24.0007,3.331089
25.0001,3.332222
26.0001,3.330845
27.0003,3.331669
28.0002,3.331486
29.0005,3.33173
30.0004,3.330906
31.0001,3.331699
32.0007,3.330845
33.0006,3.332222
34.0002,3.331242
35.0005,3.329624
36.0001,3.330875
37.0005,3.329899
38.0004,3.330692
39.0003,3.329868
40.0005,3.329777
41.0002,3.330265
42.0001,3.330845
43.0001,3.331242
44.0005,3.331333
45.0003,3.33176
46.0002,3.330235
47.0005,3.331638
48.0004,3.330906
49.0004,3.331028
50.0003,3.330662
51.0003,3.331333
52.0006,3.330814
53.0003,3.33057
54.0004,3.330967
55.0001,3.330997
56.0006,3.330692
57.0003,3.330662
58.0006,3.33115
59.0007,3.330387
60.0004,3.330692
60.0011,3.330814
61.6928,3.404572
62.6924,3.409241
63.6927,3.410797
64.6928,3.416142
65.6929,3.418613
66.6925,3.422977
67.6926,3.426029
68.6928,3.429359
69.6928,3.434486
70.6929,3.437935
71.6929,3.441967
72.6927,3.446484
73.6927,3.450207
74.6925,3.456314
75.6927,3.460526
76.6924,3.465412
77.6927,3.469349
78.6926,3.474873
79.693,3.481133
80.6931,3.486595
81.6923,3.493191
82.6926,3.499081
83.6926,3.503357
84.6926,3.50946
85.6928,3.516209
86.6925,3.522587
87.6927,3.528786
88.6928,3.53648
89.693,3.543896
90.6923,3.552444
91.6926,3.559341
92.6929,3.567097
93.6927,3.576683
94.6925,3.584957
95.6923,3.594601
96.6923,3.603424
97.6927,3.613773
98.6929,3.62397
99.6928,3.634411
100.6923,3.644852
101.693,3.655537
102.6926,3.666737
103.6929,3.679348
104.6923,3.690914
105.6929,3.702118
106.6927,3.713779
107.6925,3.72541
108.6926,3.738293
109.6928,3.750229
110.6925,3.761707
111.6926,3.773186
112.6925,3.784786
113.6925,3.79718
114.6923,3.808323
115.6928,3.819984
116.6923,3.829357
117.6924,3.840805
118.6927,3.851185
119.6926,3.861809
120.6929,3.871365
121.6928,3.881039
122.6925,3.890991
123.6927,3.901035
124.6924,3.910683
125.6928,3.921642
126.6923,3.928356
127.6929,3.93782
128.6926,3.947651
129.6926,3.956291
130.6927,3.96447
131.6926,3.972744
132.6928,3.982666
133.6927,3.990696
134.6927,3.999821
135.693,4.007698
136.6925,4.015911
137.6926,4.024364
138.6924,4.031845
139.6925,4.039021
140.6929,4.047077
141.693,4.055687
142.6926,4.063168
143.6927,4.069973
144.6926,4.078278
145.6928,4.087193
146.6924,4.094212
147.6924,4.101997
148.6927,4.109108
149.6923,4.11668
150.6924,4.124069
151.6924,4.131821
152.6929,4.139545
153.6924,4.146355
154.693,4.153313
155.6929,4.161495
156.6929,4.167873
157.6928,4.175537
158.6925,4.182255
159.6928,4.189945
160.6926,4.19706
161.6923,4.203529
162.6923,4.21104
163.6925,4.217175
164.6927,4.226151
165.6927,4.233784
166.6929,4.239399
167.6924,4.247612
168.6929,4.252861
169.6926,4.260464
170.6925,4.26886
171.6927,4.274933
172.693,4.282688
173.693,4.287388
174.693,4.294655
175.6928,4.299904
176.6931,4.306408
177.6927,4.312878
178.6924,4.318222
179.6924,4.324142
180.6924,4.330158
181.6931,4.334156
182.6929,4.339775
183.6927,4.345177
184.693,4.350796
185.693,4.355495
186.6928,4.361141
187.6925,4.365906
188.6929,4.368774
189.6924,4.374027
190.6924,4.378513
191.6926,4.382328
192.6924,4.386665
193.6931,4.390785
194.693,4.394295
195.6925,4.398388
196.6927,4.400433
197.6927,4.404064
198.6926,4.406994
199.6923,4.409161
200.6928,4.413284
201.6927,4.415115
202.6927,4.416519
203.6929,4.419937
204.6924,4.421066
205.6927,4.423206
206.6923,4.425282
207.6928,4.425953
208.6926,4.427998
209.6924,4.429005
210.6923,4.430195
211.6923,4.431049
212.6928,4.431568
213.6927,4.43169
214.6927,4.432697
215.6927,4.4338
216.6925,4.435417
217.6928,4.435875
218.6925,4.43676
219.6925,4.437675
220.6924,4.437889
221.6927,4.438347
222.6929,4.437798
223.6928,4.437981
224.6928,4.437889
225.693,4.438499
226.6924,4.438469
227.6926,4.437675
228.6929,4.439751
229.6928,4.438805
230.6929,4.43856
231.693,4.438622
232.6924,4.437431
233.6926,4.437309
234.6927,4.436577
235.6923,4.437065
236.6928,4.436363
237.6924,4.438438
238.6924,4.437462
239.6926,4.437035
240.6925,4.437981
241.6929,4.437065
242.6925,4.438347
243.6924,4.437675
244.693,4.437645
245.6926,4.438805
246.6925,4.438835
247.6925,4.44149
248.6928,4.440086
249.6924,4.440605
250.6927,4.442223
251.6924,4.442986
252.6924,4.44381
253.6923,4.444298
254.693,4.444572
255.6927,4.446468
256.6924,4.449093
257.6929,4.44775
258.6923,4.451199
259.6929,4.451138
260.6931,4.452084
261.6924,4.454922
262.6925,4.456814
263.6923,4.458099
264.6927,4.459198
265.6928,4.460571
266.6925,4.461639
267.6928,4.461884
268.6926,4.462799
269.6927,4.463867
270.6927,4.464844
271.6925,4.465851
272.6927,4.466553
273.693,4.467255
274.6928,4.468018
275.6925,4.469177
276.6926,4.470005
277.6926,4.471012
278.6927,4.472324
279.6925,4.472263
280.6924,4.473331
281.6924,4.474766
282.6926,4.475956
283.693,4.47681
284.6928,4.477634
285.6923,4.478611
286.693,4.480106
287.6923,4.481972
288.6924,4.48243
289.6928,4.484749
290.6925,4.486153
291.6924,4.486977
292.6929,4.490059
293.6923,4.490028
294.6923,4.492012
295.6929,4.492653
296.6927,4.493263
297.693,4.494762
298.6927,4.495983
299.6926,4.496593
300.6926,4.498821
301.6928,4.498974
302.6925,4.500256
303.693,4.500164
304.6929,4.502483
305.6929,4.503094
306.693,4.503185
307.6925,4.504406
308.6931,4.504803
309.6924,4.505138
310.6927,4.506882
311.6927,4.508652
312.6926,4.508499
313.6928,4.510025
314.6926,4.510727
315.6927,4.512619
316.6924,4.512894
317.6925,4.512466
318.6925,4.513962
319.6929,4.516281
320.6928,4.515976
321.6924,4.517414
322.6928,4.517902
323.6923,4.518696
324.6926,4.520741
325.6925,4.521137
326.6925,4.521809
327.6929,4.524097
328.6927,4.524891
329.6926,4.527363
330.6923,4.528584
331.693,4.528034
332.6924,4.531944
333.6928,4.532951
334.693,4.533531
335.6926,4.535149
336.693,4.536552
337.6925,4.538445
338.6923,4.538567
339.6926,4.54055
340.6928,4.541344
341.6928,4.543301
342.6924,4.543606
343.6923,4.543026
344.6929,4.545925
345.6924,4.545895
346.6925,4.545467
347.6923,4.547298
348.6924,4.547909
349.6925,4.548519
350.693,4.550411
351.6924,4.55151
352.693,4.552181
353.6928,4.553188
354.6924,4.553894
355.693,4.555176
356.6925,4.555786
357.6924,4.556824
358.6926,4.557648
359.6923,4.558167
360.6923,4.558228
361.6925,4.560699
362.6929,4.561859
363.6926,4.562836
364.693,4.564453
365.6926,4.564453
366.6925,4.566715
367.6929,4.567661
368.6925,4.567814
369.6924,4.56937
370.6924,4.569401
371.6923,4.571445
372.693,4.573307
373.6931,4.573093
374.6926,4.574253
375.693,4.576481
376.6925,4.577614
377.6927,4.57914
378.6929,4.581093
379.6925,4.581184
380.6923,4.582314
381.6925,4.58271
382.6927,4.585243
383.6927,4.584846
384.693,4.587135
385.6928,4.58802
386.6925,4.589611
387.6926,4.591991
388.6925,4.592113
389.6926,4.593609
390.6927,4.595501
391.6929,4.597118
392.6929,4.597332
393.6928,4.599194
394.6927,4.600842
395.6929,4.600536
396.6929,4.600994
397.6928,4.601395
398.693,4.602737
399.693,4.603195
400.6925,4.605148
401.6923,4.604752
402.6927,4.606613
403.6925,4.608078
404.693,4.609085
405.6926,4.608597
406.6929,4.611404
407.693,4.61171
408.6926,4.613514
409.6928,4.613605
410.6925,4.616718
411.693,4.616993
412.6924,4.617664
413.6929,4.617298
414.6929,4.620441
415.6926,4.621418
416.6926,4.623127
417.6924,4.624653
418.6926,4.62447
419.6929,4.626091
420.6931,4.627098
421.6928,4.627983
422.6925,4.630241
423.6924,4.629723
424.6929,4.632378
425.6923,4.631981
426.6923,4.633659
427.6925,4.634514
428.6928,4.637047
429.6929,4.636803
430.6924,4.638485
431.6923,4.638882
432.6926,4.640865
433.6929,4.642086
434.6925,4.641964
435.6925,4.642635
436.6927,4.643917
437.6927,4.645351
438.6924,4.645535
439.6925,4.646542
440.6924,4.648403
441.6924,4.649353
442.6927,4.650085
443.6928,4.650635
444.693,4.653015
445.6924,4.653503
446.6929,4.653442
447.6927,4.655365
448.6923,4.656311
449.6926,4.657196
450.6924,4.656647
451.693,4.658722
452.6928,4.6604
453.6929,4.661289
454.6928,4.662052
455.6924,4.662235
456.6929,4.663944
457.6925,4.665501
458.6925,4.665226
459.6927,4.66663
460.693,4.666874
461.6924,4.668308
462.6923,4.668369
463.6925,4.669987
464.6925,4.670139
465.6929,4.672581
466.6926,4.671909
467.6928,4.673866
468.6928,4.674019
469.6926,4.675484
470.6926,4.675819
471.6924,4.676033
472.693,4.676582
473.6926,4.67762
474.6923,4.678413
475.6929,4.67939
476.6925,4.680092
477.6924,4.682076
478.6925,4.681221
479.6928,4.682655
480.6926,4.683937
481.6926,4.684242
482.6924,4.685131
483.6928,4.686565
484.6929,4.686352
485.6926,4.687878
486.6923,4.689098
487.693,4.689251
488.6928,4.688457
489.6927,4.691174
490.6929,4.690716
491.6923,4.691326
492.6924,4.691021
493.6928,4.692333
494.6925,4.692181
495.6927,4.692547
496.6923,4.692883
497.6929,4.692638
498.6924,4.692974
499.6928,4.693218
500.6931,4.694225
501.693,4.69508
502.693,4.695904
503.6924,4.695934
504.6926,4.697098
505.6923,4.696758
506.6925,4.697189
507.693,4.698502
508.6924,4.699692
509.6926,4.701248
510.6927,4.701065
511.693,4.702255
512.6928,4.702133
513.6924,4.703262
514.6927,4.704422
515.6929,4.704758
516.6926,4.705338
517.6931,4.706589
518.6925,4.707443
519.693,4.707169
520.6926,4.708847
521.6931,4.708847
522.6925,4.708817
523.6925,4.708725
524.6928,4.710407
525.6928,4.710926
526.6927,4.710194
527.6924,4.711201
528.6926,4.711842
529.6928,4.711658
530.6925,4.710499
531.6929,4.711872
532.6926,4.711292
533.6929,4.711506
534.6923,4.713215
535.6923,4.712299
536.6923,4.713245
537.6929,4.712482
538.693,4.71291
539.6924,4.713215
540.6925,4.714191
541.6926,4.714527
542.693,4.714252
543.6925,4.714832
544.6924,4.714832
545.6923,4.715199
546.6925,4.716145
547.6928,4.71587
548.6925,4.71645
549.693,4.716999
550.6924,4.716969
551.6923,4.717915
552.6926,4.717487
553.6925,4.718494
554.6929,4.718281
555.693,4.719532
556.693,4.720631
557.6929,4.720356
558.6923,4.720417
559.6927,4.721092
560.6923,4.722069
561.6924,4.722679
562.6925,4.723717
563.6926,4.723869
564.6924,4.72393
565.6928,4.725243
566.6926,4.726921
567.693,4.726524
568.6923,4.726707
569.6926,4.727806
570.6929,4.727257
571.6928,4.728722
572.693,4.728203
573.6927,4.729149
574.6926,4.728508
575.6923,4.728203
576.6925,4.728416
577.6927,4.728233
578.693,4.728325
579.6924,4.727379
580.6923,4.728142
581.6929,4.72921
582.6926,4.728905
583.6928,4.729088
584.6925,4.72982
585.6927,4.72982
586.6926,4.729485
587.6925,4.730125
588.6923,4.730614
589.6928,4.731163
590.6924,4.730339
591.6927,4.731224
592.6926,4.730431
593.6925,4.731529
594.6923,4.731255
595.6924,4.731987
596.6924,4.731651
597.6925,4.732292
598.6925,4.733303
599.6931,4.733517
600.6925,4.734798
601.6929,4.735043
602.693,4.735806
603.6926,4.736599
604.6924,4.736782
605.6927,4.737057
606.6928,4.739285
607.6927,4.738857
608.6929,4.739162
609.6924,4.739101
610.6925,4.74017
611.6925,4.738247
612.6928,4.740047
613.6924,4.738979
614.6928,4.740383
615.6928,4.740078
616.6923,4.739315
617.6925,4.739468
618.6928,4.74017
619.6924,4.740444
620.6924,4.738888
621.6925,4.740322
622.6927,4.740932
623.6928,4.741695
624.6925,4.741207
625.6927,4.741665
626.6924,4.742123
627.6924,4.741879
628.6929,4.742641
629.6924,4.741787
630.6925,4.741879
631.6925,4.742764
632.6926,4.743496
633.6928,4.742977
634.6926,4.743649
635.6929,4.744381
636.6928,4.744167
637.693,4.743313
638.6927,4.744995
639.6926,4.745361
640.6928,4.745239
641.6924,4.745422
642.6926,4.746307
643.6928,4.746826
644.6927,4.746918
645.6924,4.746582
646.6924,4.74707
647.6926,4.747925
648.6923,4.748169
649.6926,4.748291
650.6927,4.749054
651.6926,4.749146
652.6929,4.750305
653.6928,4.750763
654.6925,4.750366
655.6927,4.750366
656.6929,4.750183
657.6927,4.751648
658.6925,4.752319
659.6929,4.752563
660.6924,4.753693
661.6923,4.752258
662.6926,4.753632
663.6924,4.752045
664.6929,4.753723
665.6926,4.755157
666.6924,4.75415
667.6923,4.754486
668.6928,4.754883
669.6929,4.757267
670.6927,4.756561
671.6927,4.758091
672.6925,4.757603
673.693,4.757877
674.6926,4.758213
675.6927,4.757664
676.693,4.759464
677.693,4.76038
678.693,4.759861
679.6924,4.760685
680.6926,4.761143
681.6931,4.760899
682.6927,4.761051
683.6924,4.760593
684.6925,4.760105
685.6927,4.759708
686.6923,4.759464
687.6931,4.759403
688.6924,4.759953
689.6923,4.761021
690.6927,4.761082
691.693,4.761356
692.6925,4.762119
693.6925,4.76273
694.6927,4.763401
695.6926,4.76395
696.6924,4.763828
697.6926,4.764286
698.6929,4.765476
699.6923,4.766972
700.6924,4.767307
701.6927,4.767368
702.6925,4.766758
703.6924,4.76749
704.6924,4.767246
705.6926,4.768467
706.6924,4.768467
707.693,4.768711
708.6923,4.76862
709.6925,4.769661
710.693,4.770271
711.6923,4.769936
712.693,4.771126
713.693,4.772926
714.6928,4.771553
715.6927,4.772133
716.6928,4.773598
717.6926,4.772804
718.6928,4.772774
719.6924,4.773293
720.6926,4.775002
721.6925,4.775124
722.6924,4.775795
723.6923,4.776131
724.6926,4.776558
725.6927,4.777138
726.6929,4.777565
727.6928,4.77726
728.6928,4.778511
729.693,4.778603
730.6926,4.780342
731.6923,4.779762
732.6925,4.782299
733.6926,4.7812
734.693,4.78175
735.6923,4.784008
736.6929,4.783215
737.6924,4.784374
738.6924,4.785015
739.693,4.785351
740.6928,4.787365
741.6929,4.786114
742.6927,4.788158
743.6928,4.788128
744.6924,4.789837
745.6929,4.789593
746.6929,4.790691
747.6924,4.792828
748.6929,4.791576
749.693,4.79237
750.6924,4.793564
751.6927,4.793716
752.6928,4.796158
753.6927,4.795975
754.6926,4.79689
755.6926,4.797501
756.6924,4.799667
757.6926,4.800247
758.6928,4.799911
759.6927,4.8004
760.693,4.80101
761.6931,4.801834
762.6927,4.803574
763.6929,4.802597
764.6928,4.804859
765.693,4.805286
766.6926,4.806019
767.6928,4.806721
768.6927,4.808765
769.6926,4.809162
770.6925,4.80962
771.6924,4.810749
772.6929,4.810993
773.6925,4.812214
774.6925,4.81319
775.6926,4.814228
776.6926,4.815907
777.6924,4.814564
778.6929,4.816887
779.6928,4.817558
780.6927,4.817406
781.6926,4.818504
782.6931,4.819572
783.6925,4.820427
784.6928,4.82177
785.6923,4.821953
786.6924,4.823418
787.6926,4.824303
788.6928,4.825523
789.6925,4.825371
790.6923,4.827934
791.6931,4.82827
792.6924,4.828728
793.6926,4.829861
794.6925,4.831295
795.6924,4.833401
796.6929,4.833187
797.6929,4.834591
798.6927,4.836117
799.6928,4.83688
800.6928,4.838192
801.6927,4.838741
802.6926,4.839779
803.6925,4.841339
804.693,4.842804
805.6926,4.844482
806.6926,4.845886
807.6923,4.84552
808.6926,4.848328
809.6923,4.848633
810.6927,4.850159
811.6924,4.851807
812.6931,4.852051
813.6924,4.852692
814.6925,4.854923
815.6923,4.855198
816.6925,4.857059
817.6923,4.857029
818.6928,4.857487
819.6925,4.858128
820.6929,4.859806
821.6928,4.859959
822.6929,4.8606
823.6929,4.861576
824.6928,4.86179
825.6925,4.862095
826.693,4.862858
827.6925,4.862583
828.6929,4.863255
829.6924,4.864693
830.6928,4.864723
831.6927,4.864201
832.6923,4.864754
833.6931,4.867439
834.6924,4.866005
835.6926,4.866676
836.6924,4.867165
837.693,4.868111
838.6928,4.869667
839.6923,4.870857
840.6926,4.870857
841.6926,4.871681
842.6928,4.871346
843.6924,4.873238
844.6924,4.873756
845.6928,4.874916
846.6926,4.875313
847.6926,4.876751
848.6926,4.876534
849.6928,4.87669
850.6926,4.876106
851.6929,4.876137
852.6924,4.8773
853.6929,4.876503
854.6925,4.877453
855.6924,4.878216
856.6929,4.87669
857.6931,4.876751
858.6924,4.876534
859.6928,4.87785
860.6928,4.877819
861.6924,4.877514
862.6929,4.878063
863.6928,4.879436
864.693,4.880077
865.6927,4.879559
866.6928,4.880352
867.6931,4.880779
868.6927,4.882244
869.6928,4.882336
870.693,4.883221
871.6929,4.884258
872.6925,4.884716
873.6924,4.885601
874.6924,4.886059
875.6926,4.886364
876.6929,4.885693
877.6926,4.886333
878.6928,4.886974
879.693,4.887402
880.6925,4.885448
881.6928,4.886669
882.6927,4.887371
883.693,4.887859
884.6925,4.88731
885.6925,4.885632
886.6926,4.887096
887.6924,4.885876
888.6928,4.887218
889.6925,4.888134
890.6925,4.886486
891.6928,4.88792
892.6924,4.886852
893.6926,4.88789
894.6929,4.88731
895.6926,4.886913
896.6926,4.887035
897.693,4.888073
898.6926,4.887707
899.6923,4.888042
900.6924,4.888256
901.6927,4.888226
902.6923,4.889236
903.6924,4.889572
904.6929,4.890579
905.6928,4.890213
906.6926,4.890793
907.693,4.891647
908.6928,4.891617
909.6927,4.892349
910.6925,4.894577
911.6925,4.89357
912.6924,4.893265
913.6927,4.893021
914.6925,4.894058
915.693,4.893448
916.6926,4.892776
917.6923,4.893082
918.6924,4.893295
919.6923,4.893661
920.6923,4.892441
921.6924,4.892807
922.6927,4.892715
923.6928,4.893661
924.6929,4.892105
925.6926,4.892654
926.6928,4.893814
927.6927,4.893631
928.693,4.892471
929.6927,4.893173
930.6924,4.891983
931.693,4.894333
932.6931,4.892746
933.693,4.893814
934.6931,4.892929
935.6928,4.892746
936.693,4.893509
937.6926,4.892929
938.6929,4.892868
939.693,4.893173
940.6929,4.893631
941.6924,4.893173
942.6925,4.89299
943.6928,4.891708
944.6925,4.892868
945.6927,4.892563
946.6923,4.892838
947.6928,4.892136
948.6927,4.891769
949.6926,4.892288
950.6925,4.892685
951.693,4.893112
952.6926,4.892624
953.6928,4.892105
954.6925,4.891953
955.6924,4.893143
956.6924,4.892136
957.6926,4.89183
958.6923,4.891068
959.6928,4.890579
960.6924,4.892136
961.6927,4.89119
962.6925,4.891373
963.6927,4.890335
964.6923,4.890274
965.6928,4.89061
966.693,4.889328
967.693,4.890244
968.6926,4.889084
969.693,4.889877
970.6927,4.889542
971.6925,4.890213
972.6924,4.889481
973.6928,4.888748
974.6925,4.888561
975.6924,4.888226
976.6926,4.888103
977.6931,4.88887
978.6929,4.888687
979.6926,4.888531
980.6928,4.887585
981.6924,4.889236
982.693,4.888748
983.6927,4.88847
984.6929,4.88792
985.6924,4.889542
986.6924,4.888931
987.6927,4.874672
988.6924,4.87632
989.6928,4.874855
990.6923,4.875496
991.6925,4.874825
992.6928,4.87397
993.6925,4.872993
994.6923,4.873726
995.6926,4.872932
996.6928,4.873421
997.6927,4.870766
998.6924,4.871773
999.6926,4.870674
1000.6927,4.869789
1001.6925,4.870186
1002.6929,4.870766
1003.6928,4.870186
1004.6928,4.869423
1005.6924,4.870186
1006.6925,4.870003
1007.6928,4.869423
1008.693,4.870399
1009.6925,4.870491
1010.693,4.869759
1011.6924,4.869576
1012.6923,4.869057
1013.6928,4.86869
1014.6925,4.868019
1015.6926,4.867714
1016.6925,4.868172
1017.6931,4.868721
1018.6924,4.867897
1019.6927,4.867897
1020.6927,4.867958
1021.6927,4.867989
1022.6925,4.868263
1023.6924,4.868843
1024.6926,4.868629
1025.6923,4.869331
1026.6924,4.869881
1027.6926,4.870338
1028.6926,4.869698
1029.6924,4.869881
1030.6925,4.870125
1031.6925,4.86924
1032.6924,4.869484
1033.6923,4.867531
1034.6928,4.868172
1035.6923,4.867317
1036.693,4.866402
1037.6931,4.867256
1038.6924,4.866402
1039.6927,4.865852
1040.6923,4.866005
1041.6927,4.865273
1042.6928,4.864506
1043.6931,4.864475
1044.6924,4.863102
1045.6927,4.863377
1046.6923,4.864628
1047.6924,4.863407
1048.6929,4.863804
1049.6928,4.863651
1050.6929,4.864048
1051.6926,4.864567
1052.6925,4.864658
1053.6924,4.864323
1054.6926,4.865456
1055.6923,4.865578
1056.6928,4.865334
1057.6923,4.865395
1058.6929,4.866493
1059.6924,4.864937
1060.6926,4.86417
1061.6923,4.864323
1062.6931,4.863712
1063.6931,4.864353
1064.6929,4.863712
1065.6925,4.862522
1066.6928,4.861759
1067.6925,4.861332
1068.6929,4.861027
1069.6926,4.860416
1070.6929,4.86005
1071.6927,4.861118
1072.6927,4.859531
1073.6925,4.859928
1074.6927,4.858372
1075.6926,4.858768
1076.6928,4.858128
1077.6924,4.858494
1078.6923,4.85828
1079.6928,4.858006
1080.6929,4.856571
1081.6926,4.855991
1082.6928,4.857456
1083.6923,4.856266
1084.6926,4.856358
1085.6925,4.855534
1086.6929,4.856236
1087.6925,4.855656
1088.6925,4.855686
1089.6924,4.854893
1090.6929,4.854527
1091.6923,4.85471
1092.6927,4.854465
1093.6929,4.855137
1094.6928,4.854313
1095.6929,4.853855
1096.6929,4.852909
1097.6923,4.853672
1098.6924,4.852818
1099.6924,4.852142
1100.6931,4.851563
1101.6924,4.853153
1102.6929,4.851471
1103.6926,4.852356
1104.6924,4.85141
1105.6926,4.851532
1106.6928,4.851532
1107.6924,4.851654
1108.6926,4.850769
1109.6928,4.850983
1110.6929,4.849762
1111.6925,4.85025
1112.6931,4.849304
1113.6929,4.849823
1114.6926,4.849579
1115.6931,4.848846
1116.6924,4.848145
1117.6927,4.849213
1118.6926,4.848541
1119.6924,4.847687
1120.6926,4.847748
1121.6929,4.848267
1122.693,4.846588
1123.6927,4.846832
1124.6928,4.846375
1125.6927,4.846375
1126.6926,4.847076
1127.6928,4.846283
1128.693,4.844452
1129.6926,4.84552
1130.6928,4.844452
1131.6928,4.845245
1132.6926,4.843842
1133.6929,4.844177
1134.6927,4.843475
1135.6926,4.843506
1136.6924,4.84314
1137.693,4.844269
1138.6926,4.842865
1139.6927,4.844635
1140.6927,4.843933
1141.6925,4.843781
1142.6928,4.843811
1143.6927,4.843628
1144.6926,4.844879
1145.6927,4.842682
1146.6927,4.843964
1147.6925,4.844299
1148.6929,4.842773
1149.6925,4.844116
1150.6927,4.843079
1151.6925,4.842194
1152.6927,4.843018
1153.6925,4.842224
1154.6929,4.841949
1155.693,4.841522
1156.6926,4.840298
1157.6927,4.84079
1158.6924,4.839809
1159.693,4.838985
1160.6924,4.838284
1161.693,4.838955
1162.6926,4.838436
1163.6923,4.838039
1164.6926,4.838253
1165.6926,4.836483
1166.6929,4.837124
1167.6924,4.836758
1168.6926,4.836086
1169.6924,4.836727
1170.6927,4.835354
1171.6925,4.835079
1172.6923,4.835049
1173.6929,4.835384
1174.6926,4.834805
1175.6924,4.83511
1176.6927,4.834347
1177.6929,4.834225
1178.6926,4.834042
1179.6929,4.832577
1180.6931,4.832577
1181.6928,4.831509
1182.6926,4.831417
1183.6926,4.829739
1184.6929,4.828636
1185.6924,4.827629
1186.6925,4.82766
1187.6928,4.827751
1188.6927,4.826897
1189.6928,4.826683
1190.6923,4.824303
1191.6924,4.824211
1192.6926,4.82534
1193.6929,4.824455
1194.6929,4.825157
1195.6923,4.824364
1196.6928,4.823357
1197.6924,4.822807
1198.6926,4.823936
1199.6928,4.823112
1200.6924,4.822624
1201.6926,4.82177
1202.6928,4.821678
1203.6926,4.822411
1204.6927,4.822044
1205.6925,4.821465
1206.6928,4.820488
1207.6929,4.820091
1208.6926,4.818718
1209.6927,4.818443
1210.693,4.817772
1211.6923,4.817253
1212.693,4.816887
1213.6926,4.817009
1214.6928,4.815968
1215.693,4.815052
1216.6926,4.815113
1217.6926,4.814594
1218.6924,4.814381
1219.6927,4.813984
1220.6928,4.813374
1221.6928,4.811451
1222.6929,4.812122
1223.6926,4.812336
1224.693,4.810261
1225.6929,4.81081
1226.693,4.809589
1227.6927,4.809406
1228.693,4.807636
1229.6929,4.806843
1230.6928,4.806599
1231.6929,4.806477
1232.6931,4.806171
1233.6927,4.804733
1234.6926,4.804092
1235.6928,4.803238
1236.6927,4.80336
1237.6926,4.802505
1238.6925,4.802353
1239.6925,4.801529
1240.6929,4.801865
1241.6928,4.801315
1242.6927,4.802017
1243.6926,4.8022
1244.6927,4.801224
1245.693,4.799545
1246.6926,4.799881
1247.6929,4.798782
1248.6928,4.797226
1249.6926,4.795883
1250.6925,4.795731
1251.6924,4.79454
1252.6924,4.793472
1253.6928,4.792522
1254.6926,4.79118
1255.6926,4.789471
1256.6927,4.791119
1257.6924,4.78828
1258.6927,4.786785
1259.6928,4.786114
1260.6929,4.785992
1261.6926,4.785534
1262.6923,4.784313
1263.6925,4.783825
1264.6926,4.783337
1265.6931,4.782177
1266.6924,4.783703
1267.6923,4.783306
1268.6927,4.781628
1269.6924,4.782421
1270.6925,4.780739
1271.6929,4.779793
1272.6926,4.778633
1273.693,4.777931
1274.6928,4.777168
1275.693,4.775551
1276.6926,4.774544
1277.6926,4.773994
1278.6924,4.772438
1279.6929,4.771004
1280.6931,4.770241
1281.6927,4.768101
1282.693,4.767765
1283.6925,4.767673
1284.6926,4.766453
1285.6927,4.76511
1286.6929,4.764225
1287.6924,4.761143
1288.6929,4.761448
1289.6925,4.760136
1290.693,4.759373
1291.6929,4.758701
1292.6928,4.757542
1293.6929,4.756287
1294.6929,4.755707
1295.6923,4.753754
1296.6927,4.752625
1297.693,4.752472
1298.6928,4.750763
1299.6929,4.750183
1300.6928,4.748383
1301.6924,4.747223
1302.6925,4.746185
1303.6924,4.745331
1304.6925,4.744045
1305.6926,4.741909
1306.6926,4.741634
1307.6929,4.737514
1308.6924,4.737667
1309.6925,4.7355
1310.6924,4.734249
1311.6927,4.731407
1312.6926,4.729332
1313.6928,4.728386
1314.6925,4.726372
1315.6926,4.724205
1316.6928,4.723473
1317.693,4.721092
1318.6926,4.719654
1319.6925,4.717396
1320.6928,4.715412
1321.6929,4.714558
1322.6931,4.714069
1323.6924,4.710041
1324.6929,4.709888
1325.6931,4.707718
1326.6924,4.707779
1327.6926,4.704819
1328.6929,4.702194
1329.6924,4.700424
1330.6927,4.69838
1331.6928,4.6978
1332.6927,4.69566
1333.6924,4.695019
1334.6928,4.692272
1335.6924,4.691326
1336.6925,4.689373
1337.6925,4.687939
1338.6924,4.686047
1339.6929,4.683601
1340.6924,4.682076
1341.693,4.679176
1342.6926,4.676338
1343.6931,4.674599
1344.6928,4.67252
1345.693,4.669834
1346.6926,4.666447
1347.6926,4.664097
1348.6926,4.661381
1349.693,4.658234
1350.6924,4.657074
1351.6928,4.653534
1352.6928,4.651123
1353.693,4.647701
1354.6923,4.646114
1355.6931,4.643581
1356.6928,4.641232
1357.6929,4.639217
1358.6928,4.637539
1359.6923,4.634575
1360.6926,4.633507
1361.6926,4.631126
1362.6928,4.629265
1363.6926,4.628593
1364.6925,4.62542
1365.6928,4.623341
1366.6926,4.622425
1367.6928,4.619556
1368.6924,4.618275
1369.6926,4.614979
1370.6927,4.613758
1371.693,4.610458
1372.6929,4.60817
1373.6929,4.606613
1374.6923,4.603683
1375.6926,4.600933
1376.6928,4.599133
1377.6927,4.596752
1378.6931,4.594799
1379.6928,4.592358
1380.6924,4.589886
1381.693,4.587715
1382.6925,4.586037
1383.6928,4.585457
1384.693,4.583443
1385.6928,4.581001
1386.6929,4.579201
1387.6929,4.578163
1388.6925,4.576145
1389.6923,4.573948
1390.6925,4.573673
1391.6928,4.571171
1392.6927,4.57056
1393.6924,4.569279
1394.6928,4.567661
1395.6927,4.565525
1396.6926,4.565277
1397.6927,4.565063
1398.6927,4.562042
1399.693,4.560883
1400.6923,4.55957
1401.6924,4.557068
1402.6923,4.556671
1403.6923,4.553528
1404.6924,4.55328
1405.693,4.551022
1406.6928,4.549496
1407.6927,4.548092
1408.6925,4.546474
1409.6927,4.545254
1410.6927,4.543179
1411.693,4.541927
1412.6928,4.539635
1413.6928,4.539207
1414.6927,4.537651
1415.6929,4.535332
1416.6924,4.533318
1417.693,4.532341
1418.6926,4.529686
1419.693,4.528248
1420.6929,4.527088
1421.6925,4.525013
1422.6927,4.523914
1423.6926,4.522419
1424.6926,4.521992
1425.6929,4.519489
1426.6929,4.518726
1427.6928,4.517075
1428.693,4.515213
1429.6927,4.513809
1430.6925,4.511032
1431.6927,4.510971
1432.6926,4.508957
1433.6928,4.508072
1434.6924,4.505814
1435.6926,4.505108
1436.6927,4.503643
1437.6928,4.503521
1438.6929,4.501995
1439.6929,4.500286
1440.6925,4.499065
1441.6927,4.497723
1442.6928,4.496258
1443.693,4.495251
1444.693,4.493786
1445.6925,4.493416
1446.6926,4.49192
1447.6923,4.490425
1448.6926,4.489967
1449.6924,4.488289
1450.6926,4.487953
1451.6924,4.485786
1452.6927,4.486519
1453.6929,4.486305
1454.6925,4.485359
1455.6924,4.48423
1456.6926,4.482094
1457.6925,4.481022
1458.6929,4.480412
1459.6926,4.479008
1460.6927,4.478123
1461.693,4.47617
1462.6927,4.47501
1463.6928,4.472874
1464.6927,4.471592
1465.6929,4.470036
1466.6926,4.469208
1467.6925,4.468842
1468.6929,4.465942
1469.6928,4.465851
1470.6924,4.463898
1471.6924,4.462799
1472.6928,4.463409
1473.693,4.462067
1474.6926,4.461029
1475.6924,4.460968
1476.6925,4.460358
1477.693,4.459106
1478.6926,4.457058
1479.693,4.458649
1480.6926,4.457672
1481.6927,4.457058
1482.6924,4.457241
1483.6924,4.45602
1484.6928,4.454708
1485.6929,4.453518
1486.6926,4.451107
1487.6925,4.451809
1488.6925,4.450649
1489.6926,4.450466
1490.6929,4.448971
1491.6924,4.446987
1492.6926,4.446346
1493.6926,4.446865
1494.6924,4.446346
1495.6926,4.445366
1496.6929,4.444237
1497.6924,4.443169
1498.6924,4.442741
1499.6925,4.441124
1500.6928,4.43972
1501.6924,4.438347
1502.6925,4.437004
1503.6924,4.43618
1504.6926,4.434959
1505.6927,4.433861
1506.6929,4.433094
1507.6924,4.433002
1508.6931,4.431202
1509.6924,4.431049
1510.6926,4.431568
1511.6931,4.431416
1512.6927,4.430225
1513.6929,4.430408
1514.6925,4.429249
1515.6923,4.430439
1516.6924,4.428852
1517.6928,4.42873
1518.693,4.427174
1519.6926,4.427814
1520.6925,4.426655
1521.6927,4.426014
1522.6923,4.426685
1523.6928,4.424946
1524.693,4.424549
1525.6926,4.424335
1526.6929,4.422901
1527.693,4.423206
1528.6929,4.422779
1529.6927,4.420822
1530.6924,4.420456
1531.6926,4.420212
1532.6931,4.419022
1533.693,4.418167
1534.693,4.417435
1535.6925,4.416763
1536.6929,4.416611
1537.6929,4.416214
1538.6929,4.416458
1539.6926,4.416183
1540.6928,4.414902
1541.6929,4.414444
1542.6927,4.414658
1543.6927,4.413773
1544.6927,4.414383
1545.693,4.413712
1546.6926,4.414017
1547.6928,4.414352
1548.6927,4.414108
1549.6924,4.41481
1550.6929,4.414474
1551.6924,4.414322
1552.6924,4.413437
1553.6928,4.414291
1554.693,4.412643
1555.6926,4.412827
1556.6928,4.411728
1557.6928,4.413193
1558.6928,4.410995
1559.6926,4.41069
1560.6924,4.410873
1561.6926,4.409653
1562.6923,4.409161
1563.6929,4.409897
1564.6927,4.409191
1565.6924,4.407146
1566.6925,4.407848
1567.6923,4.407513
1568.6928,4.406597
1569.693,4.407513
1570.6925,4.407024
1571.6926,4.407696
1572.693,4.406597
1573.6926,4.407177
1574.6925,4.406628
1575.6924,4.408276
1576.6926,4.408428
1577.6928,4.408978
1578.6927,4.408489
1579.6926,4.409466
1580.6925,4.409466
1581.6927,4.408428
1582.6924,4.408154
1583.6928,4.408581
1584.6924,4.408123
1585.6927,4.407513
1586.6926,4.408764
1587.6924,4.407299
1588.6926,4.406261
1589.6929,4.40736
1590.693,4.406628
1591.6924,4.406811
1592.6925,4.406567
1593.6924,4.406414
1594.6923,4.407513
1595.6925,4.406017
1596.6928,4.406628
1597.6926,4.405651
1598.6925,4.40675
1599.6924,4.406078
1600.6927,4.406567
1601.6925,4.405834
1602.6924,4.405773
1603.6927,4.406048
1604.6931,4.406445
1605.6926,4.406597
1606.6929,4.407787
1607.6926,4.407635
1608.693,4.408276
1609.6924,4.407604
1610.6928,4.407848
1611.6925,4.407909
1612.6926,4.408855
1613.6924,4.408947
1614.6924,4.409496
1615.6926,4.409618
1616.6928,4.409222
1617.693,4.409191
1618.6923,4.41011
1619.6928,4.409466
1620.6927,4.409527
1621.6927,4.410995
1622.6926,4.410782
1623.6924,4.41243
1624.6924,4.412186
1625.6927,4.412338
1626.6927,4.411728
1627.6924,4.414383
1628.6929,4.414322
1629.6926,4.41478
1630.6928,4.416092
1631.693,4.415573
1632.6924,4.416122
1633.6924,4.417007
1634.6928,4.418411
1635.6924,4.418961
1636.6926,4.418442
1637.6925,4.419205
1638.6929,4.421219
1639.6926,4.421066
1640.6928,4.420609
1641.6926,4.422535
1642.6926,4.42284
1643.6928,4.423084
1644.6927,4.422657
1645.6926,4.422474
1646.6924,4.423817
1647.6924,4.422871
1648.6929,4.423786
1649.6927,4.423695
1650.6929,4.423603
1651.6927,4.423939
1652.6929,4.42403
1653.6924,4.425282
1654.6925,4.42696
1655.6925,4.42757
1656.6924,4.427814
1657.6926,4.428272
1658.6928,4.429188
1659.6928,4.429676
1660.6926,4.430866
1661.6925,4.432331
1662.6928,4.431965
1663.6929,4.432941
1664.6928,4.435509
1665.6927,4.43557
1666.6923,4.435295
1667.6924,4.436546
1668.6929,4.437126
1669.6924,4.438652
1670.6929,4.439384
1671.6924,4.4403
1672.6924,4.441673
1673.6923,4.442741
1674.6924,4.443108
1675.693,4.44445
1676.6929,4.445274
1677.6925,4.446316
1678.6929,4.447231
1679.6928,4.447598
1680.6928,4.448513
1681.6927,4.450649
1682.6928,4.450314
1683.6928,4.450619
1684.6929,4.452358
1685.6927,4.45187
1686.6924,4.453793
1687.6924,4.453548
1688.6925,4.454739
1689.6924,4.455349
1690.6928,4.455715
1691.6925,4.456875
1692.6924,4.45813
1693.6927,4.45813
1694.6927,4.459595
1695.6928,4.460815
1696.6925,4.46051
1697.6929,4.46228
1698.6929,4.46225
1699.6926,4.463715
1700.6928,4.464905
1701.6925,4.466309
1702.6925,4.467468
1703.6926,4.468445
1704.6923,4.469791
1705.6928,4.470341
1706.6926,4.470676
1707.6924,4.472599
1708.6926,4.473911
1709.6923,4.475895
1710.6927,4.476475
1711.693,4.479038
1712.6925,4.479893
1713.693,4.481606
1714.6923,4.48304
1715.6927,4.484352
1716.693,4.485847
1717.6924,4.487617
1718.6929,4.487648
1719.6927,4.488716
1720.6926,4.491035
1721.6926,4.492867
1722.6929,4.493755
1723.6926,4.495342
1724.6925,4.496502
1725.6925,4.49934
1726.6923,4.500286
1727.6931,4.502361
1728.6924,4.504009
1729.6929,4.505478
1730.6925,4.506638
1731.6924,4.50856
1732.693,4.509598
1733.6926,4.511734
1734.6924,4.51326
1735.6924,4.516983
1736.6928,4.517445
1737.6928,4.519154
1738.693,4.521564
1739.6923,4.523914
1740.6926,4.524403
1741.6927,4.52779
1742.6923,4.528522
1743.6929,4.531364
1744.6927,4.533592
1745.6929,4.535973
1746.693,4.53701
1747.6925,4.53997
1748.6923,4.542049
1749.6929,4.543972
1750.6923,4.54501
1751.6923,4.548824
1752.693,4.550747
1753.6927,4.552212
1754.6923,4.55423
1755.693,4.558136
1756.6927,4.560425
1757.6928,4.563782
1758.6929,4.564453
1759.693,4.567295
1760.6923,4.569431
1761.6929,4.573917
1762.693,4.574986
1763.6926,4.578316
1764.693,4.581978
1765.6927,4.585426
1766.693,4.588905
1767.6929,4.591106
1768.6925,4.596111
1769.6924,4.598858
1770.6925,4.601273
1771.6926,4.604324
1772.6924,4.608231
1773.693,4.61174
1774.6927,4.615406
1775.6924,4.620594
1776.6926,4.623035
1777.6926,4.627251
1778.6926,4.631035
1779.6927,4.635887
1780.6929,4.6394
1781.6927,4.64352
1782.6927,4.648373
1783.6927,4.652161
1784.6924,4.657837
1785.6931,4.662083
1786.6928,4.667179
1787.6928,4.671391
1788.6931,4.67585
1789.6928,4.682808
1790.6923,4.687572
1791.6926,4.693249
1792.6925,4.6996
1793.6925,4.705338
1794.6929,4.711445
1795.6929,4.719013
1796.6927,4.724663
1797.6924,4.732628
1798.6929,4.739864
1799.6926,4.746643
1800.6927,4.754395
1801.6927,4.76273
1802.6929,4.771523
1803.6926,4.779793
1804.6926,4.788799
1805.6925,4.798538
1806.693,4.81023
1807.6926,4.821159
1808.6928,4.833614
1809.6927,4.845551
1810.6926,4.85886
1811.6929,4.871651
1812.693,4.887646
1813.6926,4.902302
1814.6926,4.918877
1815.6924,4.935513
1816.6927,4.954411
1817.6928,4.974682
1818.693,4.994766
1819.6926,5.018211
1820.6929,5.042633
1821.6924,5.068859
1822.6929,5.097401
1823.6928,5.126369
1824.6928,5.157936
1825.6926,5.192921
1826.6926,5.231659
1827.6927,5.27327
1828.6929,5.317806
1829.6927,5.365093
1830.693,5.410122
1831.6928,5.458721
1832.007,5.475327
1833.6462,3.987823
1834.6462,3.945606
1835.6463,3.917641
1836.6464,3.895878
1837.6461,3.877682
1838.6461,3.863091
1839.6464,3.848194
1840.6464,3.838272
1841.6463,3.826916
1842.6463,3.817543
1843.6466,3.807652
1844.646,3.798923
1845.6464,3.791901
1846.6464,3.784084
1847.6461,3.777706
1848.6462,3.770714
1849.6465,3.76516
1850.6461,3.758717
1851.6462,3.75246
1852.6464,3.748123
1853.6461,3.741959
1854.6463,3.737499
1855.6465,3.732586
1856.6464,3.727154
1857.6463,3.723183
1858.6466,3.718788
1859.6466,3.714848
1860.6462,3.710087
1861.6466,3.706242
1862.6461,3.702148
1863.6466,3.697418
1864.6464,3.694672
1865.6462,3.690884
1866.646,3.688595
1867.6464,3.684322
1868.6463,3.680264
1869.6463,3.67852
1870.6461,3.675011
1871.6461,3.672234
1872.6462,3.668602
1873.6465,3.665211
1874.6461,3.662556
1875.6461,3.659016
1876.6466,3.657825
1877.6462,3.654099
1878.6463,3.650833
1879.6466,3.649216
1880.6462,3.645706
1881.6463,3.642651
1882.6464,3.640636
1883.6462,3.638714
1884.6462,3.635845
1885.6461,3.632977
1886.646,3.630043
1887.6462,3.627968
1888.6464,3.627022
1889.6463,3.624184
1890.6464,3.621407
1891.646,3.620369
1892.6464,3.61652
1893.6465,3.614811
1894.646,3.611881
1895.6461,3.611362
1896.6462,3.60886
1897.6465,3.605865
1898.6464,3.604065
1899.6464,3.602997
1900.646,3.600464
1901.6461,3.597595
1902.6462,3.596283
1903.6465,3.594112
1904.646,3.592159
1905.6462,3.590725
1906.6461,3.588406
1907.6461,3.586147
1908.6462,3.584225
1909.6465,3.584011
1910.6463,3.581078
1911.6463,3.579155
1912.6464,3.576897
1913.6461,3.575951
1914.6463,3.573692
1915.6465,3.572044
1916.6466,3.570393
1917.6462,3.568867
1918.646,3.567036
1919.6463,3.566334
1920.6462,3.564991
1921.6466,3.562641
1922.646,3.561298
1923.6466,3.559559
1924.6462,3.558365
1925.6463,3.555923
1926.6463,3.554489
1927.6463,3.553146
1928.6464,3.551804
1929.6463,3.550461
1930.6464,3.548538
1931.6464,3.546825
1932.6465,3.544659
1933.6462,3.544323
1934.6463,3.542034
1935.6465,3.540722
1936.6461,3.5406
1937.646,3.539013
1938.6463,3.536938
1939.6465,3.535961
1940.646,3.533913
1941.6463,3.53199
1942.6464,3.53022
1943.6466,3.530525
1944.6466,3.528358
1945.6464,3.526314
1946.6462,3.525673
1947.6465,3.525063
1948.6464,3.523228
1949.646,3.522038
1950.6463,3.520298
1951.6461,3.518894
1952.646,3.517399
1953.6463,3.516911
1954.6465,3.515659
1955.6463,3.514256
1956.6462,3.512302
1957.646,3.511078
1958.6464,3.510712
1959.6466,3.508514
1960.6462,3.508453
1961.6462,3.506226
1962.6462,3.505707
1963.6465,3.504242
1964.646,3.502625
1965.6462,3.501495
1966.6464,3.500275
1967.6461,3.499817
1968.6465,3.497555
1969.646,3.49725
1970.6461,3.494808
1971.6464,3.4949
1972.6464,3.492764
1973.6466,3.493374
1974.6463,3.490871
1975.6464,3.490597
1976.6466,3.488888
1977.6464,3.488064
1978.6461,3.48782
1979.6463,3.486351
1980.6462,3.484184
1981.6465,3.483269
1982.646,3.482841
1983.6465,3.481285
1984.6464,3.48159
1985.6461,3.479576
1986.6465,3.478752
1987.6461,3.47744
1988.646,3.476097
1989.6464,3.474751
1990.6464,3.474201
1991.6463,3.473194
1992.6465,3.471882
1993.6466,3.470509
1994.6466,3.470387
1995.6466,3.467976
1996.6464,3.466602
1997.6466,3.465961
1998.6466,3.464863
1999.6465,3.464405
2000.6466,3.462692
2001.6462,3.462326
2002.6461,3.461624
2003.6461,3.459885
2004.6462,3.459518
2005.6464,3.458542
2006.6466,3.456528
2007.6462,3.455917
2008.6464,3.45491
2009.6466,3.453964
2010.6463,3.454666
2011.646,3.451736
2012.646,3.452316
2013.6462,3.449902
2014.6464,3.450207
2015.6462,3.447613
2016.6462,3.448559
2017.6461,3.447735
2018.646,3.445446
2019.6463,3.444927
2020.6464,3.443249
2021.6464,3.444134
2022.6466,3.443401
2023.6466,3.441906
2024.646,3.440166
2025.646,3.439648
2026.6461,3.438148
2027.6463,3.437599
2028.6462,3.43708
2029.6465,3.436714
2030.6461,3.435005
2031.646,3.433754
2032.6461,3.43354
2033.6463,3.431831
2034.6463,3.430977
2035.6461,3.43
2036.646,3.429512
2037.6462,3.428261
2038.6464,3.427555
2039.646,3.428261
2040.6463,3.426395
2041.6461,3.425022
2042.6463,3.424351
2043.6465,3.422886
2044.6464,3.423496
2045.6463,3.422337
2046.6463,3.420902
2047.646,3.419346
2048.646,3.418095
2049.6463,3.41785
2050.646,3.416782
2051.6463,3.415684
2052.6466,3.414886
2053.6464,3.414398
2054.6463,3.412537
2055.6465,3.411835
2056.6465,3.41153
2057.6462,3.411041
2058.6465,3.409821
2059.6462,3.409485
2060.6466,3.408539
2061.6462,3.407318
2062.646,3.405792
2063.646,3.405701
2064.6462,3.40448
2065.6461,3.403591
2066.6462,3.402248
2067.6464,3.402584
2068.6464,3.400387
2069.6463,3.401669
2070.6464,3.4006
2071.6464,3.398617
2072.646,3.398098
2073.6465,3.397213
2074.6463,3.396053
2075.6461,3.394436
2076.6462,3.393612
2077.6465,3.393276
2078.6461,3.39138
2079.6464,3.391533
2080.6464,3.389946
2081.6462,3.388939
2082.6465,3.387657
2083.6465,3.387291
2084.646,3.387016
2085.6462,3.385521
2086.6464,3.384758
2087.6466,3.383415
2088.6462,3.382774
2089.6461,3.382683
2090.6461,3.381828
2091.6462,3.380882
2092.6464,3.379814
2093.6461,3.378254
2094.6463,3.377857
2095.6464,3.377583
2096.6463,3.376514
2097.6463,3.375111
2098.6466,3.374378
2099.646,3.373646
2100.6462,3.372791
2101.6461,3.371082
2102.6466,3.370197
2103.6463,3.369984
2104.6464,3.368427
2105.6464,3.36763
2106.6463,3.366714
2107.6464,3.365646
2108.6462,3.364944
2109.6465,3.3647
2110.6466,3.363174
2111.6463,3.361282
2112.6466,3.36113
2113.6462,3.359909
2114.646,3.359451
2115.6464,3.357101
2116.6466,3.357315
2117.6461,3.356766
2118.6462,3.356033
2119.6465,3.354382
2120.6461,3.352764
2121.6462,3.352093
2122.6466,3.350658
2123.646,3.35191
2124.6463,3.349957
2125.6461,3.348583
2126.6461,3.34663
2127.6463,3.346539
2128.6462,3.344982
2129.6466,3.344036
2130.6463,3.341988
2131.6464,3.341682
2132.6463,3.341103
2133.6465,3.341408
2134.6465,3.338905
2135.6464,3.33802
2136.6463,3.338112
2137.6465,3.336372
2138.6463,3.335396
2139.6462,3.333992
2140.6464,3.333015
2141.6466,3.33268
2142.6464,3.329777
2143.646,3.322178
2144.6463,3.284477
2145.6464,3.006615
2146.6464,2.17783
2147.6461,1.797794
2148.6463,1.231331
2149.6464,0.9494133
2150.646,0.7933273
2151.6463,0.6201134
2152.6464,0.5198631
2153.6463,0.4469337
2154.6465,0.3793144
2155.6461,0.3151169
2156.6463,0.2770767
2157.6463,0.2697525
2158.646,0.250885
2159.6462,0.2426147
2160.6465,0.2362328
2161.6461,0.2347374
2162.646,0.2275314
2163.6463,0.2175179
2164.6464,0.207386
2165.6463,0.1967316
2166.6462,0.1821671
2167.6461,0.16959
2168.6464,0.1641579
2169.6465,0.1604042
2170.6466,0.1533203
2171.6461,0.1484985
2172.6464,0.1487122
2173.6464,0.149231
2174.6462,0.1532288
2175.6463,0.1525879
2176.6464,0.1488037
2177.6466,0.1447716
2178.6462,0.1388817
2179.6462,0.1380882
2180.6463,0.1332321
2181.6465,0.1288681
2182.646,0.1271286
2183.6461,0.1225815
2184.6464,0.11092
2185.6464,0.09840012
2186.6462,0.08609772
2187.6464,0.07456207
2188.6465,0.0643959
2189.6463,0.05853271
2190.6465,0.05429077
2191.6462,0.05013657
2192.646,0.04824448
2193.6462,0.04525375
2194.6464,0.04339218
2195.6463,0.04195786
2196.6465,0.04137802
2197.6466,0.03976059
2198.6463,0.0394249
2199.6463,0.03728485
2200.646,0.03572845
2201.646,0.03557587
2202.6462,0.03520966
2203.6464,0.03316498
2204.6463,0.03362274
2205.6465,0.03249359
2206.6462,0.03212738
2207.6463,0.03200531
2208.6465,0.03118134
2209.6465,0.02974701
2210.6463,0.02968597
2211.6461,0.02852631
2212.6465,0.02819061
2213.6462,0.02706146
2214.6463,0.02681732
2215.646,0.0264473
2216.6461,0.02663422
2217.6464,0.02531815
2218.6461,0.02492142
2219.6466,0.02428055
2220.6466,0.02492142
2221.6461,0.02394485
2222.6462,0.02342606
2223.6466,0.02299881
2224.6464,0.02147293
2225.6461,0.02226639
2226.6463,0.02223587
2227.6462,0.02116776
2228.6461,0.02135086
2229.6466,0.02128983
2230.6461,0.02009964
2231.6463,0.02009964
2232.6465,0.02013016
2233.6464,0.02016068
2234.646,0.02019119
2235.6466,0.0198555
2236.6461,0.02028275
2237.6461,0.01869583
2238.6462,0.01802444
2239.6462,0.01839066
2240.6461,0.01784134
2241.6464,0.01790237
2242.6464,0.01784134
2243.6463,0.01753616
2244.6462,0.01619339
2245.646,0.01662064
2246.6463,0.01671219
2247.6464,0.01607132
2248.6461,0.0158577
2249.6466,0.01530838
2250.6465,0.01555252
2251.646,0.01469803
2252.6461,0.01512527
2253.6464,0.01506424
2254.6464,0.01411438
2255.6462,0.01460266
2256.6462,0.01408386
2257.6464,0.01261902
2258.6461,0.01420593
2259.6465,0.0131073
2260.6461,0.01182556
2261.6461,0.01301575
2262.6465,0.01313782
2263.6461,0.01185608
2264.6461,0.01203918
2265.6463,0.01106262
2266.646,0.01185608
2267.6464,0.01078796
2268.6464,0.01051331
2269.6465,0.01094055
2270.6461,0.01109314
2271.6465,0.01063538
2272.6462,0.01026917
2273.6465,0.01011658
2274.6464,0.009841919
2275.6463,0.009414673
2276.6465,0.009170532
2277.6461,0.008987427
2278.6463,0.008102417
2279.6464,0.008255005
2280.6461,0.008804321
2281.6463,0.008285522
2282.6465,0.008590698
2283.6461,0.008224487
2284.6466,0.007522583
2285.6465,0.007705688
2286.6464,0.007553101
2287.6464,0.00743103
2288.646,0.007003784
2289.6465,0.005691528
2290.6464,0.006668091
2291.6463,0.006576538
2292.6463,0.006484985
2293.6465,0.005691528
2294.6465,0.006820679
2295.6465,0.006149292
2296.6464,0.005386353
2297.6461,0.004928589
2298.6463,0.006027222
2299.6461,0.005020142
2300.6463,0.005233765
2301.6464,0.005172729
2302.6463,0.003829956
2303.6463,0.003982544
2304.646,0.004562378
2305.6461,0.003860474
2306.6464,0.003799438
2307.646,0.003250122
2308.646,0.003005981
2309.646,0.003311157
2310.6462,0.003189087
2311.6464,0.002944946
2312.646,0.003128052
2313.6463,0.001876831
2314.6465,0.002487183
2315.6462,0.001663208
2316.6464,0.002700806
2317.6463,0.002426147
2318.6461,0.002578735
2319.6464,0.002304077
2320.6465,0.001846313
2321.6462,0.001876831
2322.6464,0.001144409
2323.646,0.001083374
2324.6466,0.001876831
2325.6462,0.001174927
2326.6465,0.001602173
2327.6464,0.000686646
2328.6464,0.001174927
2329.646,0.000656128
2330.6464,0.000442505
2331.6462,0.000320435
2332.6463,0.000198364
2333.6465,0.000686646
2334.6461,0.000137329
2335.6466,-7.6294E-05
2336.646,-1.52588E-05
2337.6466,-0.000686646
2338.6464,-0.000534058
2339.2399,0.01793289
