time,0.48,0.48359,0.487179,0.490769,0.497949,0.501538,0.505128,0.508718,0.512308,0.515897,0.519487,0.523077,0.526667,0.530256,0.533846,0.537436,0.541026,0.544615,0.548205,0.551795,0.555385,0.558974,0.562564,0.566154,0.569744,0.573333,0.576923,0.580513,0.584103,0.587692,0.591282,0.594872,0.598462,0.602051,0.605641,0.609231,0.612821,0.61641,0.62
0.0,3.1789769890251254,3.1783899413815506,3.1777375683777773,3.177012966964372,3.175313728517496,3.174318930015481,3.1732111210553904,3.1719757436470886,3.1705961911450222,3.1690539286793653,3.1673319467866468,3.1654081503038505,3.163270276905341,3.1609185771457744,3.158387006463907,3.1557910723799294,3.153469145098681,3.1525116590315143,3.1584978694644694,3.2764701487770287,3.312115441096923,3.3264256835427357,3.3354970792996275,3.342137396817156,3.347368448064249,3.351678584586015,3.3553395238873502,3.3585181188372295,3.3613242152782705,3.363833984485944,3.3661024189693283,3.3681705212127593,3.370069679684901,3.3718244572007983,3.3734544364180334,3.374975480925915,3.376400620902439,3.3777406897879305,3.379004791653502
59.666666666666664,3.1318329000756364,3.131249707619844,3.130617919361372,3.1299334422734786,3.128388209256076,3.127518078857576,3.1265770929454906,3.12556247597647,3.1244749291192413,3.123321468654156,3.1221214011956784,3.12091649573218,3.1197892975946306,3.118892953522317,3.11850879675528,3.119137925859536,3.1216702028856105,3.127669447326457,3.139849976828235,3.1545151722026397,3.1567296134994627,3.1587189831750067,3.16054949006368,3.1622444874024156,3.163821760218207,3.1652958661652333,3.1666787151273668,3.16798028709736,3.169209176425422,3.1703725381344308,3.171476676006289,3.1725268734087724,3.1735278574189314,3.1744837653668503,3.1753981597432643,3.1762742808448827,3.1771149822936837,3.1779228146424847,3.1787000654737874
119.33333333333333,3.1376885216585597,3.1372124529754886,3.1366973174926027,3.136140029891796,3.1348849550989737,3.134179029222784,3.133415135253202,3.132588575946457,3.1316945144675397,3.130729013795409,3.129690003186384,3.1285789125333645,3.127404362346266,3.1261888080934623,3.1249791197645953,3.123867195163477,3.123025145239614,3.1227695835697045,3.123679138465409,3.125909677204345,3.1273319783880047,3.1286761187674923,3.1299465248794047,3.131148959355376,3.1322902107777537,3.1333750820392483,3.134408846847954,3.1353948408051115,3.1363368344042124,3.1372391507601565,3.138104313767239,3.138935530577119,3.139734241988581,3.140503111552344,3.141244122905996,3.1419585509704833,3.1426490326618666,3.14331654486142,3.143962958930268
179.0,3.1426059333135417,3.1422227841975237,3.1418077319770275,3.141358520715084,3.1403473157262134,3.1397793471200792,3.13916537029311,3.1385015548153277,3.137783615182375,3.1370070403735877,3.1361671785551675,3.135259397496978,3.1342797014639547,3.1332259383700176,3.1320995478544646,3.1309095252823047,3.1296788342178328,3.1284593016848503,3.1273561992265786,3.127135523089557,3.128233382092632,3.1292905567728386,3.1303020564057915,3.1312699165231503,3.132196969165588,3.1330860189144802,3.1339397492387695,3.134760263799244,3.1355497595421014,3.1363105553021944,3.137044329390605,3.1377529242848086,3.1384375578438335,3.139099789656261,3.139740912740491,3.140361946120109,3.1409643053520364,3.14154883369382,3.142116626203798
238.66666666666666,3.1469298890294173,3.1466252359273357,3.1462940150932495,3.1459345557194345,3.145123333202563,3.1446672204104376,3.144174165429618,3.1436413353926818,3.143065536787275,3.1424432335175982,3.141770490581706,3.1410429005533436,3.140255581587846,3.1394032546391806,3.138480331915666,3.137481479102882,3.1364026949794814,3.135246418661234,3.1340212643886716,3.133473511372296,3.134388316682635,3.135276336043554,3.1361317760735377,3.1369555344536364,3.137749213481099,3.138514518120187,3.1392531186993544,3.1399664886686396,3.1406560828847376,3.1413233423642666,3.1419694746900815,3.142595687236664,3.143202960988803,3.1437923337404343,3.144364726322679,3.144920942929982,3.1454618699044916,3.145988194178473,3.146500647445396
298.3333333333333,3.150632669430977,3.1503944158271415,3.150133611071854,3.1498489941678125,3.149202640010113,3.1488376812984096,3.1484424408645086,3.148014836345795,3.1475525328644034,3.1470529149533046,3.1465130258708345,3.1459294739913384,3.145298334107021,3.1446150138951157,3.1438740755598458,3.1430691411960603,3.1421930210588087,3.141239334173818,3.1402028433985825,3.1397189611226652,3.1405123794810006,3.141285822444205,3.1420342047019596,3.1427579836074306,3.1434581880148302,3.1441359669731233,3.1447924663349207,3.1454287673670325,3.146045908164818,3.14664488171183,3.1472265911010275,3.1477918970824588,3.1483415732431865,3.148876367141528,3.1493969657247867,3.149903997247723,3.1503980767404336,3.1508797453947026,3.15134952594879
358.0,3.153776971494043,3.1535955464372405,3.153394634438463,3.1531732679482114,3.152664839126839,3.1523753432240134,3.1520604995337704,3.1517187545006333,3.1513483787819885,3.1509474347178132,3.150513727362641,3.150044733505944,3.149537500570652,3.148988448420687,3.1483933933803225,3.1477470550600932,3.1470432418080634,3.14627548786421,3.145437941744915,3.1450641841946707,3.1457694200479236,3.1464587309377627,3.147127835782606,3.1477769886706866,3.1484069057874375,3.14901841351763,3.149612346365772,3.150189519289265,3.1507507055016366,3.151296632094961,3.1518279862944905,3.152345407337409,3.152849494529748,3.1533408011194717,3.153819840213419,3.1542870856813745,3.15474297038046,3.1551878906129724,3.1556222034835892
417.66666666666663,3.156453332696426,3.1563215359352528,3.156172579265158,3.1560057166262494,3.155614941865111,3.155389167481338,3.1551417419139165,3.1548714878743525,3.154577102334425,3.154257128870021,3.153909921039329,3.1535335897472736,3.153125920159968,3.1526841446598466,3.1522052131897764,3.1516849998273333,3.151118699305357,3.1505011232491444,3.149827723459182,3.1495503503655855,3.1501877865715415,3.1508117942517595,3.1514191177503514,3.1520097323361185,3.1525841599530846,3.1531430139807632,3.1536869182371303,3.154216489310043,3.1547323059659664,3.155234903929974,3.1557247927826486,3.1562024342346637,3.156668260675719,3.1571226517421422,3.157565947923245,3.1579984495783857,3.158420401194115,3.1588320099385925,3.1592334264130146
477.3333333333333,3.158733328441508,3.1586470549234,3.1585451930554136,3.1584271977144396,3.158140333233302,3.1579700682965486,3.1577808638103013,3.15757182957297,3.157341980503646,3.1570902150225573,3.1568152878885636,3.1565157711199068,3.156189844868334,3.155835680980723,3.1554508429085057,3.155032165684233,3.1545759786396497,3.1540783037611373,3.1535358169258743,3.153335589850911,3.1539187285875263,3.1544902526433836,3.1550473863859807,3.155590086322546,3.156118728770873,3.156633757339117,3.1571356180919024,3.157624745644262,3.1581015332686033,3.1585663264450767,3.1590194381608185,3.159461124612866,3.1598916015646905,3.160311017457624,3.160719464513214,3.161116974902031,3.1615035016071373,3.1618789355799723,3.162243083569731
537.0,3.1606360588414866,3.160598135069692,3.16054486839308,3.1604759906584845,3.1602900059565617,3.160172036195992,3.160036722582909,3.1598834522710995,3.1597115300700347,3.1595201627394953,3.159308439590014,3.159075303725563,3.15881939722487,3.158539334644823,3.1582332672866222,3.15789878323918,3.1575330828224835,3.1571331430868677,3.1566965595393315,3.1565581101000526,3.157095955430189,3.157623141974115,3.158137338829528,3.1586384721861984,3.1591267637902765,3.159602465367184,3.160065808138468,3.1605169904241315,3.160956150302826,3.161383357969513,3.1617986261523545,3.162201887048541,3.1625930047231683,3.1629717508528064,3.1633378145917406,3.1636908006433866,3.164030216210779,3.164355490852922,3.164665964385992
596.6666666666666,3.16207246167763,3.162100287926579,3.16211081288271,3.162104107834967,3.162038995277185,3.1619804224705135,3.161904277898759,3.161810298439126,3.1616981392436774,3.16156736195897,3.1614174201789815,3.161247637944184,3.1610571065381583,3.160844841405492,3.1606095084009755,3.1603493365626685,3.160062241676485,3.159745973538378,3.1593988321939266,3.159311845541258,3.1598093692289897,3.1602958270852852,3.1607694009551675,3.16122996945232,3.161677528529772,3.1621120410812766,3.1625334069796462,3.162941458315448,3.1633359397615277,3.163716506079415,3.1640827359918706,3.164434119129001,3.1647700521909004,3.1650899191572366,3.1653929734625774,3.165678438072627,3.1659454814409003,3.166193241675802,3.1664208214578085
656.3333333333333,3.162849978329289,3.1629698540647495,3.163069730944748,3.1631497377337428,3.1632508202197362,3.1632719918978855,3.1632736443517206,3.16325576671026,3.163218342256619,3.1631612188356746,3.1630840908133635,3.1629866836713156,3.162868551346529,3.162728986109589,3.1625672438488373,3.162382112461608,3.162172207421511,3.1619358010781107,3.161671958120467,3.161632359339592,3.1620891597143923,3.1625315818324005,3.16295893980969,3.1633711173630683,3.163767868659814,3.164148830636634,3.164513543547103,3.1648614757469957,3.1651920230344857,3.165504521435601,3.165798271011097,3.1660725265043306,3.1663265189802585,3.1665594913364608,3.1667706784125746,3.1669591477374484,3.1671240934885434,3.1672646381846463,3.167379862120778
716.0,3.1628368235503537,3.1630667861086987,3.163274347426966,3.163460271393154,3.163765608966103,3.1638858724743777,3.1639846119355823,3.1640622502137568,3.164118608104629,3.1641538082632277,3.164167579977727,3.1641598280576018,3.1641303328925963,3.164078614227591,3.164004129148735,3.163906110965554,3.1637835838393524,3.163635468597022,3.163461089013337,3.1634723225641834,3.1638810681397986,3.164267472876336,3.1646335647823927,3.1649797826600405,3.165306080651714,3.1656120666866414,3.165897323040931,3.16616130905307,3.1664033482577247,3.1666228204992137,3.1668191483419923,3.1669913011682285,3.167138929774172,3.167260930355472,3.167356626376347,3.1674248838846344,3.167464764497529,3.1674744485106308,3.1674539983515864
775.6666666666666,3.1619933096282082,3.1623491208496373,3.162678904288358,3.1629837783384662,3.163518793504072,3.16375028993155,3.163958999511993,3.164143892710096,3.1643058038100467,3.164445154346166,3.164561790580497,3.1646557846372674,3.164727021244749,3.1647753892607438,3.1648002715631782,3.164801446306554,3.1647780674936747,3.164729581273142,3.164655222551769,3.1647226041844494,3.165071891976118,3.1653873137857698,3.16567535706614,3.1659377159306477,3.1661751641208697,3.1663877606127864,3.166574953675438,3.166736602212561,3.1668719264279632,3.1669803415584825,3.167061206715485,3.167113223436597,3.1671351148244886,3.1671268781034128,3.167086726073043,3.1670129271907888,3.1669039160263583,3.166757112009965,3.166571660217312
835.3333333333333,3.16025275209498,3.160762744156755,3.1612395163116513,3.161685028561659,3.1624857591648996,3.162843481645564,3.1631746675078105,3.163478929721011,3.163757371588035,3.1640107826608954,3.164239362047967,3.1644444887886074,3.164624250124323,3.1647799383729884,3.1649111665297136,3.1650180632449656,3.165100091106267,3.1651571206807416,3.1651884725224413,3.165311499148359,3.1655891700343086,3.1658210491462944,3.1660181633212012,3.1661835669292637,3.1663187120502974,3.166423920620553,3.166498644951825,3.1665417730100422,3.1665540471813522,3.166533668455602,3.166479509417424,3.1663896633907314,3.1662621641973168,3.166095975708567,3.1658883546793137,3.1656363155029474,3.165336960980388,3.164986354271523,3.1645819159059423
895.0,3.1574016302884127,3.158129722718456,3.158808314163058,3.15944170844475,3.160584062835145,3.1610988367368376,3.161579015655785,3.1620257360554342,3.1624408519329403,3.162825864241544,3.1631816217203275,3.1635100378413927,3.1638100344484394,3.1640832084275505,3.164329628955041,3.1645510602860174,3.164744961675136,3.1649129026133798,3.165054468994101,3.165228969687039,3.16541975296294,3.1655537299708447,3.165644149224696,3.165697054908674,3.1657129997559124,3.1656921376058595,3.165633536338512,3.1655355698279246,3.165397983285029,3.1652181781129602,3.164993633234517,3.1647212230357127,3.1643975003761984,3.1640195352935594,3.163582806207051,3.163083118030042,3.162516154271409,3.1618776076455215,3.161165308019174
954.6666666666666,3.1528832660053485,3.153974073515549,3.1549809244108795,3.155911523416051,3.1575704909488977,3.158311501263876,3.1590002435642175,3.1596406467113978,3.1602365846520293,3.1607912955385187,3.1613074773058774,3.1617876503254254,3.162232554846466,3.162644557045795,3.163024632989872,3.163374966124275,3.1636944843235955,3.1639850186047047,3.164246649358807,3.164468790316919,3.1645494341361866,3.164562350546899,3.1645225294052706,3.1644356266894604,3.1643014691867677,3.164119298411368,3.1638869709786688,3.1636014392473015,3.163260410450321,3.162859354258799,3.162394245677077,3.161860199586751,3.1612527163622244,3.16056867523823,3.1598054349800435,3.1589630962571764,3.1580448286048988,3.1570576834654878,3.156013382483913
1014.3333333333333,3.145996982365131,3.147530578527662,3.1489942452474398,3.150375043831785,3.1528650324212757,3.1539755352846015,3.155001877339882,3.1559498431124187,3.156825999927003,3.1576364574000735,3.158387102502977,3.1590830330346575,3.1597279727715004,3.1603263099597165,3.1608809988447533,3.1613958811887377,3.161871474673541,3.162310832024696,3.1627150297841604,3.1629834783519115,3.1629140242446097,3.1627632643242514,3.1625456442914217,3.1622645084484757,3.1619183485767093,3.1615040689144864,3.161017538138468,3.160454186550079,3.159810628426796,3.1590833804663854,3.1582717926589883,3.157377948773998,3.156408470347775,3.1553748711524667,3.1542931613318075,3.1531830013417093,3.152066093065428,3.1509639542059027,3.149896782018961
1074.0,3.1386587861648647,3.140056963015632,3.1415115426534124,3.1430054431634,3.146022437095635,3.147499446468251,3.148927548210655,3.150290273203799,3.1515765603096186,3.152780286750952,3.1539003718652863,3.154938506683087,3.155898335533376,3.1567852053864387,3.157604281375807,3.1583617110910733,3.159061205811601,3.1597080031770064,3.160305253201042,3.160624190973712,3.1603286528524555,3.159930504137158,3.1594414077359643,3.1588623212619753,3.158191546455675,3.1574280945240973,3.1565736571090843,3.1556343110442278,3.1546214381838515,3.153551672409023,3.1524464060696693,3.151329355061213,3.150224473970381,3.149153982859917,3.1481369620836093,3.1471872667649206,3.146314660393744,3.1455249823041296,3.1448202514338783
1133.6666666666665,3.1340102423754983,3.134912332594718,3.135888141322525,3.136940451155542,3.1392726642066755,3.1405437999980066,3.1418738135689637,3.1432499223208294,3.144655328854154,3.1460707453823655,3.147476368153738,3.1488511416566163,3.1501781895261214,3.1514438403356952,3.1526383539589515,3.1537570838087983,3.1547983465840277,3.1557638914707935,3.1566559542425052,3.157041336708019,3.1563850066181782,3.155605919897078,3.154722550268918,3.153749372372344,3.1527052455276205,3.151613795096381,3.150501874329281,3.149396637638085,3.148323954764376,3.1473046807118914,3.1463546664861917,3.1454851339458036,3.1447016346602816,3.144006235413269,3.143398120447734,3.1428735396581464,3.1424276227961965,3.142054560666829,3.141747913530156
1193.3333333333333,3.131857158202835,3.1324177883241604,3.133019567157323,3.133667969926524,3.135125223993586,3.1359435153619013,3.1368271094739555,3.1377789250710344,3.1388000787042603,3.1398899145649004,3.1410446912355665,3.1422574909598238,3.1435193145889944,3.1448178347691824,3.1461372856996435,3.147461059206239,3.1487701921303275,3.1500481664754556,3.1512784046123814,3.1517470897889326,3.1506963609614935,3.14960057430853,3.1484993520669873,3.1474245877545557,3.1464011233797455,3.145448352897403,3.14457871074985,3.14379833299828,3.143109456831861,3.142511241892867,3.141999294730674,3.1415683640733203,3.14121194312246,3.1409229226804465,3.140694892936483,3.140521075051349,3.1403953232132116,3.140311883927749,3.140265473657461
1253.0,3.130997887974079,3.1313956867030526,3.1318095763593146,3.132243185201105,3.133185006941436,3.1337014399063516,3.1342541624389613,3.134847753025894,3.135486882008858,3.136175993764868,3.136919405113944,3.137720334005797,3.138582072740835,3.1395064030053614,3.140493405455284,3.1415419438330803,3.142646865832364,3.1438020197728918,3.144996650828899,3.1454776971476726,3.1445090299109166,3.143626863905783,3.1428398928062045,3.142149711325545,3.1415548477165256,3.141050466579248,3.1406302814843814,3.14028687637272,3.1400130101931074,3.139801205641011,3.139644362582853,3.1395360447049647,3.139470188447973,3.1394411535611675,3.1394442878979314,3.1394751308064652,3.1395298778639305,3.139605121227654,3.139697873341145
1312.6666666666665,3.130663685480738,3.1310022095014527,3.1313422254505303,3.1316861874337416,3.1323952489741265,3.1327653710307404,3.1331498004188254,3.133551667151364,3.1339743338505612,3.1344213119266344,3.134896451132443,3.1354034161186237,3.1359464829110095,3.13652974606356,3.137157386181178,3.137833505902472,3.138561572479739,3.139344713181675,3.1401841163225805,3.1405821671103284,3.140063030534593,3.139638667741149,3.1392982252398696,3.1390319297363893,3.13883088168387,3.1386869762139202,3.1385929746852246,3.138542183270104,3.138528870657294,3.1385477854938704,3.138594333111003,3.1386645850726653,3.138755030446715,3.1388625172088376,3.1389845247529187,3.1391184907314185,3.13926289609922,3.139415709402165,3.1395754720399403
1372.3333333333333,3.1304688054154113,3.1308027929716573,3.131129921452313,3.131451736683206,3.13208560162485,3.132400792832951,3.1327173835813396,3.133037231239202,3.133362795804314,3.133695719097071,3.1340387378896555,3.134394357521594,3.1347654632519326,3.135155144540814,3.1355667113119976,3.13600375323807,3.136470055324439,3.1369694867130464,3.137505342383448,3.1378201958910052,3.1376717720701506,3.137581381062904,3.137538771924291,3.137536270264273,3.1375675395412292,3.1376273813505016,3.137711375005223,3.13781565869729,3.1379370445157146,3.1380726958593317,3.1382199822017327,3.138377383717736,3.1385427746102255,3.1387146651210127,3.138891812810763,3.1390730121607096,3.139257454163878,3.139444223867268,3.139632640349272
1432.0,3.130219499116797,3.130580575582277,3.130928931006146,3.131265868680214,3.1319104450440465,3.132220517775438,3.132524246771797,3.132822895465437,3.1331179825848112,3.133410783500353,3.133702949634511,3.1339961156588174,3.134292104905396,3.1345930331358494,3.1349013665928576,3.1352189610670136,3.135548996008797,3.1358942813019226,3.1362574314307583,3.1365232546656574,3.1365857906052104,3.1366773963027317,3.1367917393048224,3.136924444268282,3.1370720207379073,3.137231486094426,3.137401071942374,3.137578508373247,3.1377622227173765,3.1379508519508925,3.1381431668384487,3.1383383546732393,3.1385354710765943,3.138733835296539,3.13893286153081,3.1391320068458466,3.1393309051129683,3.1395291335619375,3.1397264200602115
1491.6666666666665,3.1298013695073057,3.1302128614016205,3.1306062297353217,3.130982897643209,3.1316912788534337,3.1320254477012117,3.132347809254136,3.1326595281897296,3.1329617735065343,3.1332555968547284,3.133542168918244,3.1338227278553954,3.1340985057408757,3.1343709668113373,3.134641762953749,3.134912504397206,3.1351853160603262,3.1354621697389273,3.1357453480029385,3.135989837390376,3.1361563381030306,3.1363353264688225,3.1365231645938385,3.1367176718075553,3.1369171528467747,3.1371202126359057,3.1373259231578876,3.137533275206784,3.137741547136442,3.1379501222980517,3.1381584517300607,3.138366162940751,3.1385728387833125,3.138778217642451,3.1389820226733827,3.139184018397364,3.139384081229287,3.1395819890583887,3.1397776791966576
1551.3333333333333,3.1291254343904296,3.1296095399767543,3.1300695618332974,3.130507227324668,3.1313216175633314,3.131701206831677,3.1320641475824686,3.1324116516537437,3.132744938461858,3.133065062399905,3.133373092419416,3.133670194699281,3.1339573718067903,3.1342358526603946,3.134506977418528,3.134772131448276,3.1350329929941445,3.135291174687203,3.13554820469954,3.1357891210920372,3.1360014774121625,3.136217024505788,3.13643429297111,3.136652347452644,3.136870448473908,3.1370879936361336,3.137304578913005,3.1375197773341172,3.1377332905673345,3.1379448717792897,3.1381542844566113,3.13836139306869,3.138566002247887,3.1387680634338677,3.1389674289145164,3.1391640944351327,3.139357775711319,3.139548606252154,3.13973654049356
1611.0,3.1281078105741074,3.1286881651830116,3.129237509698986,3.1297579895242076,3.1307198902084576,3.1311648062081847,3.13158783747616,3.131990405323956,3.13237396898226,3.1327397425465895,3.133088916571399,3.13342281192768,3.133742439866291,3.134049071405172,3.1343440404661838,3.1346286903176166,3.134904600815924,3.1351732738691074,3.1354359651923427,3.135684914632229,3.1359127315204374,3.136138835233174,3.136363033296851,3.1365850810140996,3.136804742960865,3.13702179733401,3.137236129515603,3.137447570785695,3.1376560239333884,3.1378614179972075,3.1380636500039047,3.1382627080524492,3.1384584778703517,3.1386510279455826,3.1388402518393583,3.139026110451854,3.1392086669987664,3.1393877873799596,3.1395635920982192
1670.6666666666665,3.1266633877832106,3.1273663942127463,3.1280300030502297,3.128656992149356,3.129810692490211,3.130341760036261,3.130844971660347,3.131321983870329,3.1317746588041637,3.1322044264769513,3.1326127095248335,3.1330011097407313,3.1333707734663108,3.1337231746539898,3.13405982049175,3.1343821580706264,3.1346918824565013,3.1349905761124397,3.135279488286784,3.135545249604294,3.1357730070519367,3.135996215798423,3.136215550542736,3.1364311752196725,3.136643127968806,3.1368513687945576,3.1370559466374948,3.1372568033052186,3.1374539386274103,3.1376473688126865,3.1378370431246294,3.138023022966402,3.1382052123041024,3.138383760735201,3.1385585618703518,3.1387295682602323,3.1388969957605974,3.1390605905480364,3.1392205706873995
1730.3333333333333,3.124697488811541,3.1255554737356657,3.1263630081660287,3.127123913830506,3.128519046115641,3.1291590337660837,3.1297640684131816,3.13033626609233,3.130877943257713,3.1313908502317807,3.131876723480656,3.13233752271539,3.1327745958121938,3.133189699530859,3.1335846054195393,3.133960937728893,3.1343206206636522,3.134665429657712,3.134996748939961,3.135287423255127,3.1355068020116357,3.1357195879591266,3.135927209506307,3.136130129184189,3.136328564708209,3.136522573289107,3.1367123177423473,3.1368977896089656,3.1370790436896177,3.1372561500523806,3.1374290767761566,3.1375979206740214,3.1377626459916175,3.137923406262259,3.1380800990984055,3.1382326751697387,3.1383814495903315,3.1385260863581887,3.1386668848673223
1790.0,3.1220870609355913,3.1231449926323647,3.124136241419867,3.125066655591607,3.1267645638180586,3.127540381938858,3.128272151221279,3.128962852307068,3.12961546005949,3.1302323166884936,3.130815621542572,3.131367819863657,3.1318905694308503,3.1323859912545946,3.132856196835511,3.133303031412845,3.133728713333351,3.134135266233727,3.1345242747157287,3.134848378712767,3.13505432758261,3.1352518083982206,3.1354430490894645,3.1356287933625837,3.1358094172981703,3.1359850475714453,3.136155952769357,3.1363221533312426,3.1364837444691784,3.1366408421378846,3.1367934220057405,3.1369415757263033,3.1370854382005353,3.137225044676253,3.1373603283623357,3.137491242968332,3.137618185266909,3.137740749692216,3.137859309894289
1849.6666666666665,3.1186484308085447,3.1199752290879488,3.1212099089512253,3.1223616423160427,3.124448073772202,3.1253954217219877,3.1262859930168867,3.1271242009327858,3.1279143067889628,3.128659531251208,3.1293629623023667,3.1300278088747318,3.130656291693861,3.1312510778653952,3.131814773771892,3.1323495501289407,3.1328580187161235,3.1333425185080435,3.1338048919883863,3.134171623766253,3.134360514751606,3.134539001727961,3.134710211082103,3.134875182636423,3.135034460805282,3.13518823576389,3.1353368898203398,3.135480467176543,3.1356190971253266,3.135752941992689,3.135881982157478,3.136006349693715,3.1361262186417447,3.1362416292262854,3.13635250394974,3.136458804334037,3.1365609972862543,3.136658616779644,3.1367521009939567
1909.3333333333333,3.1140912658152553,3.11579593679179,3.1173678469430417,3.1188221462077976,3.121427908694361,3.1225994703799556,3.1236950760660234,3.124721481133073,3.125685099741207,3.1265908801033238,3.127443415173082,3.128247199320115,3.129005509055763,3.1297218912853415,3.1303997776450436,3.1310419120655135,3.1316515143553847,3.132231399139385,3.1327837949523225,3.1332030063012377,3.1333717127018055,3.133528006509234,3.1336759870006508,3.1338169974085046,3.133951764597177,3.134080540056737,3.1342038273921053,3.1343216941221743,3.134434295996222,3.1345418426364287,3.134644319911621,3.1347419151050557,3.1348347962314356,3.1349230430835973,3.1350065523911663,3.135085298774962,3.135159805229214,3.1352295575982136,3.135295042885008
1969.0,3.1079881089880077,3.1102255193533415,3.1122746808346125,3.114155359291057,3.117484664647472,3.118962742073166,3.120334531417549,3.1216108954656177,3.122801703303233,3.1239148822789273,3.12495779518182,3.12593697054964,3.126857525927153,3.1277245610529567,3.1285428690003565,3.129316251703555,3.1300488965101243,3.13074443004271,3.1314057286730694,3.1318883109213527,3.132033507353345,3.1321642934110807,3.1322857507078345,3.1323995063548344,3.1325064732041223,3.132606958713665,3.1327015866872454,3.1327904475585138,3.132873713770551,3.132951640588518,3.1330242216897197,3.1330917029875804,3.133154224966617,3.133211916248843,3.1332646444856866,3.13331240246464,3.1333557510748085,3.13339414689378,3.1334281057455486
2028.6666666666665,3.099858374635778,3.1027859076662008,3.105476390340214,3.107944281144249,3.112284010730373,3.114191422718795,3.11594797606237,3.1175700929138856,3.119071141761711,3.120463992510615,3.121760012136882,3.1229683495471994,3.1240995575062365,3.1251591536577767,3.1261548283416225,3.1270922127036345,3.1279771514698416,3.128814617987665,3.1296085936906577,3.1301677686750526,3.130285169462236,3.1303862735221815,3.1304770854966715,3.1305594679398396,3.1306345073778674,3.13070255726789,3.130764349440306,3.1308199964420265,3.1308696775890215,3.130913688931815,3.1309520359659766,3.130985019014945,3.1310127422473153,3.131035381967618,3.1310527815914613,3.131064957147874,3.1310720067313014,3.1310748236449646,3.1310724906770755
2088.333333333333,3.0895481303067216,3.093176974257856,3.0965810367710205,3.099750727842142,3.1053917382953564,3.1078800709032413,3.1101662187058214,3.1122672925306256,3.114199585705479,3.115980173951805,3.117625255750608,3.1191473729265597,3.1205613674565758,3.1218771324649115,3.1231056668311927,3.1242555902566176,3.1253352295562644,3.1263521265327503,3.1273119296084095,3.1279655839030043,3.1280490534237897,3.128114537852239,3.1281688524841407,3.128214027131917,3.128251291347861,3.1282810336589018,3.128304070584071,3.1283205371057754,3.1283306247950073,3.1283346400000194,3.1283326190344027,3.1283249067148113,3.1283115748104287,3.1282929390466307,3.128268674159664,3.1282388505743235,3.1282035815425235,3.1281638449586913,3.1281186579393836
2148.0,3.0777012102645003,3.081768265783506,3.0857114941123114,3.0894943678280304,3.0964722140533603,3.0996349132185355,3.102572939699372,3.1052904815530873,3.107795876757687,3.110102397614201,3.1122256929694405,3.1141803107649366,3.11598428164345,3.1176519989008256,3.1191972542503557,3.1206333079683146,3.1219722197815782,3.1232248511582945,3.12439972468733,3.125174189466507,3.1252147375551784,3.12523589441743,3.125245145038046,3.1252446080377982,3.1252356089599083,3.1252185654506395,3.1251943460852543,3.125163113722276,3.1251250661408987,3.1250805368496115,3.125029593438231,3.1249726146611465,3.124909659128791,3.124841072409426,3.1247658452288665,3.12468624040633,3.124599715311886,3.12450876576015,3.1244125481334413
2207.6666666666665,3.065652281106275,3.069718512041142,3.073799808802489,3.0778538644660447,3.085713754720477,3.0894434972371982,3.092999056094167,3.096359452033056,3.099510989894474,3.1024483954853066,3.105173575031115,3.1076922849844415,3.1100170890294283,3.1121611645541254,3.1141391859348913,3.115966944254335,3.1176597304584694,3.119232058505361,3.1206966275856445,3.121631879596376,3.121616199634291,3.121580812031455,3.1215330721258185,3.1214751110098433,3.1214082929805844,3.1213330709962603,3.1212503319850047,3.1211602835309535,3.12106314993257,3.120959296492621,3.1208488447660767,3.1207322031406557,3.120609455501392,3.1204809745398467,3.12034591813202,3.120206355474809,3.1200601152288554,3.1199093825909294,3.1197535446671703
2267.333333333333,3.054662529771372,3.058377531410925,3.0621984683414665,3.0661044550135177,3.074047603849395,3.0780097482240496,3.081913127158391,3.0857195354156124,3.089394446214532,3.0929092676962124,3.0962425353007688,3.0993790924347726,3.1023127236648866,3.105042745629298,3.1075743283228556,3.10991696785261,3.112083536449896,3.1140883422655845,3.1159453561237873,3.1170996564602698,3.1170130184438767,3.1169062967803143,3.116787466883469,3.1166586068939406,3.1165210625774993,3.1163753437244592,3.116222327801874,3.1160622974416925,3.115895538775182,3.1157224631279297,3.1155432018790417,3.115358345530978,3.1151679528203884,3.1149724755723986,3.11477133024746,3.114566215475506,3.114355578779572,3.1141411691997236,3.1139226298278366
2327.0,3.045187486378369,3.048495679250836,3.0518956977920713,3.0554040174102854,3.062744290033494,3.0665487007243475,3.0704096546771513,3.0742945250789733,3.07816693614408,3.0819899556067583,3.0857274744512484,3.0893461908234205,3.0928185638407166,3.096122540644772,3.099243140564481,3.10217219167635,3.104908207760875,3.10745508460709,3.109819263185831,3.1112647932161277,3.1110944329749417,3.110905242727422,3.1107056499129966,3.1104976153811332,3.110282403161929,3.1100604655584663,3.109832881813497,3.109599900077061,3.109361871844995,3.109119247964559,3.108872273720592,3.1086215095690113,3.1083670617735244,3.108109455531709,3.107848374502788,3.1075851053639942,3.107318701013784,3.107050459157522,3.106780234730545
2386.6666666666665,3.0366166424136063,3.039817237452403,3.042976106419108,3.0461500947775497,3.052701572372423,3.0561233824673937,3.0596508109064233,3.0632764931637313,3.0669834042702107,3.0707474652694224,3.0745388278667822,3.0783236767667423,3.082067960402711,3.085737482856012,3.089301135385539,3.0927320675965864,3.0960089813018126,3.099116579767951,3.102043636205807,3.103834031433977,3.1035846938765177,3.103319917609659,3.10304852635557,3.1027722527916297,3.102492193070585,3.102208795213195,3.1019229236855352,3.1016348849850743,3.1013450376382092,3.101053787372872,3.1007613958066305,3.100468309468811,3.100174702326686,3.099880970213599,3.0995869897436616,3.099293630729972,3.099000405508166,3.098708090553221,3.0984166785614113
2446.333333333333,3.0274078388798573,3.0311137520663656,3.034530567421317,3.0377610069905066,3.043976210060234,3.0470803965800255,3.0502396064081347,3.0534812039978254,3.056820107396616,3.0602596936944626,3.063793777366732,3.067407242600476,3.0710784089886767,3.0747800833534544,3.078481756470538,3.0821514635038305,3.08575828229693,3.089272535879017,3.092665810326706,3.094778184270144,3.094486292865623,3.0941838389661815,3.0938798560261334,3.0935756684160602,3.0932720406705383,3.09296931979042,3.0926680566226166,3.0923684637835565,3.0920707759864063,3.0917752461685426,3.091482037908362,3.091191403596955,3.090903451287777,3.0906183934679605,3.0903361466638177,3.0900571954974962,3.08978124649704,3.0895087040793108,3.0892395398053254
2506.0,3.014974290700467,3.020300431519395,3.024830547237547,3.0288049973640105,3.0357141715165312,3.0388650909815214,3.0419204582142454,3.0449417461084862,3.047978412739285,3.051067210330883,3.054234160381263,3.0574936015857777,3.060849366432169,3.0642965135705467,3.0678221382300874,3.0714070047186777,3.0750270233684143,3.078654250135242,3.0822561600998806,3.084563203644744,3.0842899532806998,3.0840106039437822,3.083733829822031,3.08346059067949,3.0831912865068074,3.082926068195924,3.0826653586934074,3.0824088183491467,3.0821567041069438,3.081909082421087,3.0816659425523376,3.0814273779031343,3.081193398193241,3.080964011701362,3.0807391039518643,3.080518864482905,3.0803030616579656,3.080091841670654,3.0798851124898863
2565.6666666666665,2.993780658279934,3.003323698340368,3.0108537897615673,3.01692868912859,3.026315542435185,3.0301457866710435,3.0336217899225995,3.0368543961700643,3.039929338814897,3.0429163761788742,3.0458726764156396,3.0488441906874213,3.0518655479903174,3.054961577366972,3.0581466063420675,3.0614252897027714,3.0647944091842385,3.0682425730292886,3.071749885841868,3.0740681135980905,3.073870884078801,3.073670012152629,3.07347345382783,3.0732818141761347,3.073095243497496,3.0729137302370155,3.0727373160930034,3.072565856025866,3.072399320579864,3.072237647821562,3.072080751719483,3.0719285684588327,3.0717810212759766,3.07163802476214,3.0714994409250016,3.0713652917181693,3.071235373935012,3.071109696994338,3.070988132728905
2625.333333333333,2.9546317789915433,2.9719174239638537,2.986016078701666,2.997213247365017,3.0130527476876656,3.0187740542340453,3.023578236173985,3.027735232652595,3.0314320982169614,3.034804024326124,3.037951838388324,3.0409542166499426,3.043876104382683,3.0467705713696445,3.049680933100907,3.0526409294971364,3.055674229232213,3.0587948555062505,3.062005879950486,3.0641857816882543,3.0640935629046355,3.0639980935101208,3.063906350978005,3.0638187461801225,3.0637353021471636,3.0636559497283926,3.0635805998029695,3.0635091414555093,3.063441296020155,3.063377309837433,3.0633168324732516,3.0632599009742365,3.0632063354083314,3.063156039241723,3.0631088803619475,3.063064838301584,3.063023731476624,3.062985544593211,3.0629501518949134
2685.0,2.8969670918044255,2.9203594577375833,2.941992659745325,2.9610355335282654,2.99004508221244,3.000369496999392,3.008546659898241,3.0151138761944267,3.0205191732675027,3.0250993732770866,3.029092774433937,3.0326656619126315,3.0359404274701047,3.039008780981243,3.041943888718261,3.0448065155219823,3.047647022112565,3.050506165077655,3.053413528543639,3.0554117115984014,3.05542095055208,3.055425903344367,3.0554327215050425,3.055441774621404,3.0554530862091065,3.055466598129277,3.05548223094506,3.0554999238025644,3.055519584557294,3.055541134804494,3.0555644821904986,3.0555895627535703,3.055616339015496,3.055644673703691,3.05567447448598,3.055705782996585,3.0557384040790794,3.055772390203289,3.055807632281184
2744.6666666666665,2.835089626262957,2.8588684219709832,2.8826969728089815,2.906231874939947,2.949135726950985,2.966918075952968,2.981746156090935,2.9937366032759485,3.0032795711943727,3.0108862705918797,3.0170500642840645,3.0221713733163247,3.026548559872192,3.0303923406931643,3.0338521502052958,3.0370389753661593,3.040037573656418,3.042916311400262,3.0457291327397393,3.047638343937741,3.0477252622882274,3.047805814698701,3.0478863596391363,3.0479669868515415,3.048047944476263,3.0481292096551904,3.048210794767435,3.0482927215930755,3.048375018388726,3.0484574931029598,3.048540195792916,3.048623083520252,3.048706146602961,3.0487893772142995,3.0488726246073856,3.0489560805647633,3.049039460757937,3.0491229629200243,3.0492064792767604
2804.333333333333,2.771953638631685,2.79803404894834,2.8221386073391015,2.8455301704495457,2.892207784230669,2.9150139726077327,2.936463608117524,2.9557427842890602,2.9723188816477597,2.9860473122048745,2.997126383962165,3.0059702129467567,3.0130692656262736,3.018873632442175,3.0237413342407846,3.027936897717502,3.0316484634283163,3.035010915161295,3.038122272726058,3.0401622329924276,3.0403004118067996,3.0404296968405227,3.040556678976504,3.0406822033604386,3.0408065521759196,3.0409297780762867,3.041052021884656,3.0411733939388186,3.0412940367578494,3.0414136634523725,3.0415324447218435,3.041650393513284,3.0417675197226655,3.041883917605379,3.0419993518427173,3.042114223248599,3.04222808461723,3.0423413240047728,3.042453809696461
2864.0,2.685899852682071,2.7254507471644818,2.757587898010859,2.784920736908526,2.8326947175297557,2.855582957238381,2.878513235760318,2.9012988299818065,2.923307331295353,2.9437231995066613,2.9618434735690156,2.977276456490253,2.9899914272540533,3.000247346940606,3.0084684732201836,3.0151181754205427,3.0206063640497627,3.0252529552497522,3.029289538471225,3.0318095372475984,3.031981670051103,3.032141451912872,3.0322972998924556,3.0324505047811097,3.03260153423696,3.0327505035007674,3.0328977043806056,3.0330433089332742,3.033187531978438,3.0333300527335485,3.0334711712399853,3.033610845894218,3.033749149370045,3.033886250355761,3.0340218304814464,3.0341564813105277,3.03428960019067,3.0344217358849908,3.0345527274429904
2923.6666666666665,2.535162795180098,2.6081624118444773,2.6640215347603142,2.707569554738292,2.7714872091416725,2.79685535709094,2.8202324524438156,2.8428117976016036,2.865280357258203,2.887782553287173,2.909958246341564,2.9311111672875567,2.950476564406933,2.9674713322678676,2.981832164328913,2.993621066182988,3.003140164631821,3.010812404847134,3.017066466871963,3.0207389345710443,3.0209414688019653,3.021127318259034,3.0213082875409434,3.021485992297444,3.0216610541649467,3.0218336650020676,3.022004192636625,3.0221728168042867,3.022339766227357,3.022504763032426,3.0226680557945538,3.0228297642068145,3.0229898928507493,3.0231486327305266,3.0233056469907273,3.023461585052775,3.023615812488773,3.0237689157059684,3.023920729756329
2983.333333333333,2.246416900820094,2.3897004754435036,2.4970500511768856,2.5781733196358942,2.6882267942545477,2.7263395170523843,2.7575174133149365,2.7841174544651928,2.807977017199509,2.830477838550558,2.852550704285273,2.8746369059756747,2.896675022975277,2.9181789460047893,2.938434591011295,2.956752913918196,2.9726716133616344,2.986039593731482,2.9969852648921522,3.0032447774241247,3.003516070148361,3.0037633935775077,3.0040052323597544,3.0042435289509237,3.0044789753336376,3.004711767793497,3.0049422489386632,3.0051705589905606,3.0053968799288633,3.0056210474200302,3.0058432438919036,3.0060635748891964,3.006282053144358,3.0064988257972303,3.0067136373821883,3.006927007049044,3.0071384398894256,3.0073484073250025,3.0075567794973352
3043.0,1.6779681664650827,1.965456741614508,2.178032521418718,2.33646847796635,2.5453830418391528,2.6140961751219565,2.667229047358691,2.70904664734778,2.7428071961039358,2.771043557673373,2.7957450238185677,2.8184516964901585,2.8402894465927666,2.8619505192340293,2.8836600043439677,2.9051882498881048,2.9259693678870287,2.9453057108912324,2.962588950797728,2.9730486202087274,2.973539680271143,2.973992204620104,2.9744359840938825,2.9748736334555455,2.975305963112098,2.9757332798864047,2.9761558939701906,2.9765739590689666,2.9769876518685585,2.9773969630728896,2.9778020472252873,2.978203127344683,2.978600076092542,2.978993109561534,2.979382122434152,2.9797674894418704,2.9801489381728326,2.9805268226994572,2.980901094457134
3102.6666666666665,,,1.5541225683129691,1.869934191553925,2.278559874289515,2.4100011200436042,2.50958823306932,2.58566452453253,2.6443939053789864,2.6903905815686366,2.727166090302591,2.7574395903349034,2.783349090719364,2.8065769233454896,2.8284080871842106,2.8497381718928834,2.8710446261219573,2.8923627278547723,2.913322287935487,2.927227266611468,2.928119476723677,2.9289569030979608,2.9297793396942975,2.93059015148047,2.9313903569442123,2.932180423676985,2.932960726616727,2.9337312108335976,2.9344929949599896,2.9352453482520184,2.9359887673910867,2.9367234288062862,2.937449503158312,2.9381671649752645,2.938876452449308,2.939577716722571,2.9402708682872545,2.9409559459130463,2.9416335634943396
3162.333333333333,,,,,1.7667746061109688,2.023521418962276,2.2157184314222382,2.3606147651722442,2.470587506028897,2.554672186731147,2.6195450770362685,2.6701976073097047,2.710416453842165,2.7431232795492226,2.770609236317898,2.7946900332663027,2.816786662804379,2.8379574600627517,2.8588768780807685,2.8733977753301034,2.8746659725173527,2.8758750764655727,2.8770654335693324,2.878240916148969,2.8794019551703274,2.8805502583289018,2.881685654844561,2.882808383057255,2.883918703159001,2.88501681593702,2.886102928330418,2.8871772548004406,2.888239976959709,2.8892912784615654,2.8903312500224114,2.8913602244947256,2.8923781695551294,2.8933854365212675,2.8943820807772944
3222.0,,,,,,,1.6555683194795332,1.9367869851162365,2.1476853871407666,2.3070198590741784,2.4281805128302745,2.5209374929825357,2.5925126379100525,2.6483034684539692,2.692395145705451,2.7279288492311538,2.7573591913022955,2.782630074307783,2.805273300574651,2.8201807847454483,2.821779256385816,2.8233122369438277,2.824820775777778,2.826308593919758,2.827777223880017,2.8292273801767287,2.8306597241725164,2.8320746908820107,2.8334728045366795,2.8348544870369,2.836220112652877,2.837570285356691,2.838905080761541,2.8402247455476033,2.8415298858690257,2.8428210080359406,2.8440980481366624,2.8453614602429598,2.8466114600787815
3281.6666666666665,,,,,,,,,1.5358487341768268,1.8433123273898353,2.074198863157579,2.24899029031684,2.382167194508364,2.4842814719254047,2.5631337221896473,2.6245551395780433,2.672953439058673,2.7117045437299234,2.743423574600041,2.762645324851316,2.7649374730321816,2.7671287431017273,2.7692703382047847,2.7713679163085594,2.773424036399439,2.7754407256474067,2.7774195715934287,2.7793619077026985,2.7812694100628246,2.7831431661877346,2.784984493999027,2.786794591675676,2.788574445572948,2.790324877026423,2.792047295439997,2.793742534053299,2.7954112534836675,2.797054653312932,2.798673381030455
3341.333333333333,,,,,,,,,,,1.4070369959788573,1.7427590794812038,1.994992314442154,2.1862993681521905,2.3323507278628206,2.444530222030161,2.5312522845417127,2.5988046833352665,2.651917214641843,2.682744825176348,2.686735397694457,2.6905288455702765,2.6942061932310204,2.6977780630609915,2.70125036656565,2.7046279092977614,2.7079149165106173,2.7111152422178115,2.7142326749150705,2.7172705948350107,2.7202323131079638,2.723120929060398,2.7259393934821365,2.728690300505041,2.731376558190629,2.7340007280147827,2.736564955267613,2.7390719460492083,2.7415234746496893
3401.0,,,,,,,,,,,,,,1.6347607756733553,1.9097943716836996,2.1187206546050135,2.2785347992763407,2.4015037220888154,2.4966519557483364,2.5511221402805293,2.55883522947532,2.5661375140114306,2.5731723571659932,2.5799617322628676,2.5865194378897534,2.5928569876449545,2.598984966473142,2.6049129244555504,2.610650039408722,2.6162047346063653,2.6215853613809497,2.6267994221176885,2.631854229597617,2.636756482089498,2.6415127909234544,2.646129453986437,2.650612065907267,2.654966409846904,2.6591976666844857
3460.6666666666665,,,,,,,,,,,,,,,,1.5188942821608913,1.8183182994051676,2.0460051578093714,2.2204056611629097,2.3198269273123877,2.335242129290413,2.3497920553841056,2.3637409518295325,2.3771359979767928,2.390009184620859,2.4023882344342824,2.414297959575787,2.42576184335978,2.4368016862966915,2.4474379601323832,2.4576900676662365,2.467575845072453,2.477112994562339,2.486317429176249,2.4952041305771315,2.5037878268928635,2.5120820663668386,2.520099867640557,2.527853380203643
3520.333333333333,,,,,,,,,,,,,,,,,,,1.7200407583038677,1.9043161425599215,1.9353878666226194,1.964625811618058,1.9925287786263406,2.019200778068192,2.044716898778814,2.069142669362907,2.0925379207717176,2.114958096961061,2.1364547206092794,2.1570761887370544,2.1768676596646523,2.195871481144553,2.214127529750632,2.2316731376718444,2.2485433750577473,2.264771546498369,2.280388529865066,2.2954238842306225,2.309905180553775
3580.0,,,,,,,,,,,,,,,,,,,,,,,,,1.4287918735540044,1.477523407334023,1.5239193390433041,1.568132562201216,1.6103007702606855,1.6505488974261158,1.6889910470299077,1.725732084948249,1.7608687808367318,1.7944909343858129,1.8266816277572517,1.8575185373448353,1.8870737316052413,1.9154148130324196,1.9426047468146093
