real_time,real_voltage,simu_time,simu_voltage
0,3.328943,0,3.3327844853570934
10,3.308121,10,3.3170905387390333
20,3.298708,20,3.3013965921209727
30,3.292533,30,3.2857026455029126
40,3.288349,40,3.2700086988848525
50,3.285487,50,3.254314752266792
60,3.283618,60,3.2387140531643293
70,3.282428,70,3.2400844019005905
80,3.281739,80,3.2414547506368514
90,3.281348,90,3.2428250993731127
100,3.281164,100,3.244195448109374
110,3.281094,110,3.2455657968456353
120,3.281121,120,3.2469298525988943
130,3.281142,130,3.2477243933904605
140,3.281249,140,3.2485189341820266
150,3.281321,150,3.2493134749735924
160,3.28141,160,3.2501080157651585
170,3.281518,170,3.2509025565567247
180,3.281605,180,3.25169319812055
190,3.281688,190,3.252249886019924
200,3.281777,200,3.2528065739192984
210,3.281855,210,3.2533632618186727
220,3.281921,220,3.253919949718047
230,3.282019,230,3.2544766376174215
240,3.282082,240,3.2550304186838352
250,3.282144,250,3.255454118975269
260,3.282214,260,3.255877819266703
270,3.282282,270,3.256301519558137
280,3.282333,280,3.256725219849571
290,3.282373,290,3.257148920141005
300,3.28242,300,3.257570290765926
310,3.282483,310,3.257908725262981
320,3.28249,320,3.258247159760036
330,3.282543,330,3.258585594257091
340,3.282557,340,3.258924028754146
350,3.282636,350,3.2592624632512015
360,3.282647,360,3.259598962071435
370,3.282687,370,3.2598783584254374
380,3.282736,380,3.26015775477944
390,3.282751,390,3.260437151133442
400,3.282776,400,3.260716547487444
410,3.282795,410,3.2609959438414466
420,3.282838,420,3.261273691784595
430,3.28284,430,3.261509993969133
440,3.282857,440,3.261746296153671
450,3.282889,450,3.261982598338209
460,3.28291,460,3.262218900522747
470,3.282925,470,3.262455202707285
480,3.282925,480,3.2626900667942986
490,3.282935,490,3.2628934724979684
500,3.282929,500,3.263096878201638
510,3.282965,510,3.263300283905308
520,3.282971,520,3.2635036896089775
530,3.282967,530,3.2637070953126477
540,3.282969,540,3.2639092380904184
550,3.282993,550,3.2640869643008124
560,3.282988,560,3.2642646905112067
570,3.282997,570,3.2644424167216006
580,3.28298,580,3.264620142931995
590,3.28299,590,3.264797869142389
600,3.28299,600,3.2649744672450063
610,3.282982,610,3.2651315490830894
620,3.282993,620,3.2652886309211726
630,3.283014,630,3.2654457127592553
640,3.282989,640,3.2656027945973385
650,3.282986,650,3.2657598764354216
660,3.28299,660,3.2659159525917962
670,3.282978,670,3.266056303543279
680,3.282978,680,3.266196654494762
690,3.282986,690,3.2663370054462444
700,3.282954,700,3.266477356397727
710,3.282963,710,3.26661770734921
720,3.282944,720,3.2667571337626455
730,3.282937,730,3.2668833855089114
740,3.282923,740,3.267009637255178
750,3.282916,750,3.2671358890014437
760,3.282903,760,3.2672621407477096
770,3.282887,770,3.267388392493976
780,3.282874,780,3.2675138055171993
790,3.282855,790,3.2676282506237144
800,3.282838,800,3.267742695730229
810,3.282838,810,3.267857140836744
820,3.282812,820,3.267971585943259
830,3.282795,830,3.2680860310497737
840,3.282797,840,3.26819969854111
850,3.28277,850,3.2683039791063586
860,3.282755,860,3.268408259671607
870,3.282744,870,3.2685125402368556
880,3.282693,880,3.2686168208021043
890,3.282681,890,3.268721101367353
900,3.282679,900,3.2688246598273984
910,3.282653,910,3.268920130709172
920,3.282632,920,3.2690156015909455
930,3.282632,930,3.269111072472719
940,3.282592,940,3.2692065433544926
950,3.282581,950,3.2693020142362665
960,3.282549,960,3.269396817801361
970,3.282521,970,3.269484656248618
980,3.282501,980,3.269572494695875
990,3.282466,990,3.269660333143132
1000,3.282469,1000,3.2697481715903893
1010,3.282452,1010,3.2698360100376465
1020,3.282424,1020,3.269923226260257
1030,3.282401,1030,3.2700043666421985
1040,3.28236,1040,3.27008550702414
1050,3.282324,1050,3.2701666474060813
1060,3.28231,1060,3.2702477877880227
1070,3.282269,1070,3.270328928169964
1080,3.282261,1080,3.2704094767369116
1090,3.282244,1090,3.2704846003330825
1100,3.282178,1100,3.2705597239292534
1110,3.282161,1110,3.2706348475254243
1120,3.282125,1120,3.2707099711215952
1130,3.282097,1130,3.270785094717766
1140,3.282061,1140,3.2708596650204855
1150,3.282051,1150,3.2709294595270975
1160,3.282006,1160,3.27099925403371
1170,3.281974,1170,3.2710690485403218
1180,3.281953,1180,3.2711388430469337
1190,3.281921,1190,3.271208637553546
1200,3.281906,1200,3.271277912781111
1210,3.281859,1210,3.2713429558844447
1220,3.281821,1220,3.271407998987778
1230,3.281798,1230,3.2714730420911113
1240,3.281741,1240,3.2715380851944444
1250,3.281713,1250,3.271603128297778
1260,3.281696,1260,3.2716676705934256
1270,3.281647,1270,3.2717283495154947
1280,3.281624,1280,3.2717890284375644
1290,3.281575,1290,3.2718497073596335
1300,3.281533,1300,3.2719103862817027
1310,3.281488,1310,3.2719710652037723
1320,3.281455,1320,3.2720312697486458
1330,3.281452,1330,3.27208800271495
1340,3.281393,1340,3.2721447356812545
1350,3.281331,1350,3.272201468647559
1360,3.281298,1360,3.2722582016138633
1370,3.281274,1370,3.2723149345801676
1380,3.281242,1380,3.272371225194599
1390,3.281202,1390,3.272424438578608
1400,3.281136,1400,3.2724776519626175
1410,3.281104,1410,3.2725308653466265
1420,3.281077,1420,3.2725840787306355
1430,3.281024,1430,3.272637292114645
1440,3.280981,1440,3.2726900719859024
1450,3.280937,1450,3.2727399798351793
1460,3.280886,1460,3.2727898876844557
1470,3.280858,1470,3.2728397955337325
1480,3.280803,1480,3.2728897033830093
1490,3.280776,1490,3.272939611232286
1500,3.280705,1500,3.272989108918866
1510,3.280648,1510,3.2730360143772
1520,3.280614,1520,3.273082919835534
1530,3.28058,1530,3.2731298252938683
1540,3.280551,1540,3.273176730752202
1550,3.280498,1550,3.273223636210536
1560,3.280438,1560,3.273270143983299
1570,3.280387,1570,3.2733142503470365
1580,3.280354,1580,3.2733583567107734
1590,3.280303,1590,3.2734024630745107
1600,3.280245,1600,3.273446569438248
1610,3.280182,1610,3.2734906758019853
1620,3.280141,1620,3.2735344011062923
1630,3.280069,1630,3.273575924733895
1640,3.280035,1640,3.273617448361497
1650,3.279978,1650,3.273658971989099
1660,3.27994,1660,3.2737004956167013
1670,3.279893,1670,3.2737420192443034
1680,3.27984,1680,3.2737831757821256
1690,3.279764,1690,3.273822300215809
1700,3.279732,1700,3.2738614246494926
1710,3.279687,1710,3.273900549083176
1720,3.279638,1720,3.273939673516859
1730,3.279575,1730,3.2739787979505426
1740,3.279515,1740,3.2740175710532307
1750,3.279467,1750,3.2740544784671832
1760,3.279399,1760,3.2740913858811362
1770,3.279335,1770,3.2741282932950893
1780,3.279303,1780,3.274165200709042
1790,3.279257,1790,3.274202108122995
1800,3.279185,1800,3.2742386769339324
1810,3.279132,1810,3.274273518869493
1820,3.27907,1820,3.274308360805054
1830,3.279006,1830,3.274343202740614
1840,3.27894,1840,3.2743780446761748
1850,3.278877,1850,3.2744128866117355
1860,3.278811,1860,3.274447395328193
1870,3.278743,1870,3.2744802701961477
1880,3.278695,1880,3.2745131450641023
1890,3.278631,1890,3.274546019932057
1900,3.278576,1900,3.2745788948000114
1910,3.278489,1910,3.274611769667966
1920,3.278438,1920,3.2746443108304346
1930,3.278374,1930,3.2746752773201417
1940,3.278321,1940,3.2747062438098493
1950,3.278244,1950,3.2747372102995564
1960,3.278213,1960,3.274768176789264
1970,3.278113,1970,3.274799143278971
1980,3.278049,1980,3.274829828111669
1990,3.277977,1990,3.274859232685233
2000,3.277912,2000,3.274888637258797
2010,3.277827,2010,3.2749180418323607
2020,3.277765,2020,3.2749474464059247
2030,3.27768,2030,3.2749768509794883
2040,3.277623,2040,3.2750059548183956
2050,3.277553,2050,3.275033740731895
2060,3.27747,2060,3.2750615266453944
2070,3.277413,2070,3.275089312558894
2080,3.277332,2080,3.275117098472393
2090,3.27725,2090,3.2751448843858926
2100,3.27718,2100,3.2751723711398184
2110,3.277116,2110,3.2751985928761203
2120,3.277048,2120,3.2752248146124217
2130,3.276961,2130,3.2752510363487235
2140,3.276887,2140,3.275277258085025
2150,3.276821,2150,3.2753034798213267
2160,3.27673,2160,3.2753294212946886
2170,3.276658,2170,3.275354218361048
2180,3.276575,2180,3.2753790154274074
2190,3.276488,2190,3.2754038124937668
2200,3.276391,2200,3.275428609560126
2210,3.276323,2210,3.2754534066264855
2220,3.276223,2220,3.2754779250277792
2230,3.276176,2230,3.2755013438317855
2240,3.276072,2240,3.275524762635792
2250,3.275998,2250,3.275548181439799
2260,3.275896,2260,3.275571600243805
2270,3.275818,2270,3.275595019047812
2280,3.275724,2280,3.275618160680011
2290,3.275657,2290,3.2756402446829465
2300,3.275557,2300,3.2756623286858817
2310,3.275478,2310,3.2756844126888174
2320,3.275374,2320,3.2757064966917526
2330,3.275294,2330,3.275728580694688
2340,3.275177,2340,3.2757504121037178
2350,3.275092,2350,3.2757713108583273
2360,3.275022,2360,3.275792209612937
2370,3.274914,2370,3.275813108367547
2380,3.274808,2380,3.2758340071221563
2390,3.274736,2390,3.275854905876766
2400,3.274619,2400,3.2758755395403103
2410,3.274519,2410,3.2758952255032963
2420,3.274432,2420,3.2759149114662827
2430,3.274326,2430,3.2759345974292686
2440,3.274231,2440,3.275954283392255
2450,3.274144,2450,3.275973969355241
2460,3.274029,2460,3.2759933892447224
2470,3.27393,2470,3.2760118876113333
2480,3.2738,2480,3.2760303859779443
2490,3.273686,2490,3.2760488843445548
2500,3.273609,2500,3.2760673827111657
2510,3.273499,2510,3.2760858810777767
2520,3.273393,2520,3.276104127528948
2530,3.273304,2530,3.2761215282640013
2540,3.273166,2540,3.2761389289990546
2550,3.273047,2550,3.276156329734108
2560,3.272973,2560,3.276173730469161
2570,3.272846,2570,3.2761911312042145
2580,3.272725,2580,3.276208302723053
2590,3.27261,2590,3.276224727956541
2600,3.272498,2600,3.276241153190029
2610,3.272375,2610,3.2762575784235173
2620,3.272262,2620,3.2762740036570053
2630,3.27215,2630,3.2762904288904933
2640,3.27202,2640,3.2763066203272055
2650,3.271878,2650,3.2763220731786475
2660,3.271774,2660,3.27633752603009
2670,3.271636,2670,3.276352978881532
2680,3.271511,2680,3.2763684317329744
2690,3.271401,2690,3.2763838845844164
2700,3.271263,2700,3.276399081314112
2710,3.271148,2710,3.276413492603784
2720,3.271011,2720,3.2764279038934556
2730,3.270868,2730,3.2764423151831275
2740,3.270745,2740,3.2764567264727993
2750,3.270612,2750,3.276471137762471
2760,3.270497,2760,3.2764853024626426
2770,3.270342,2770,3.276498732754953
2780,3.270221,2780,3.276512163047263
2790,3.270085,2790,3.276525593339574
2800,3.269958,2800,3.276539023631884
2810,3.269799,2810,3.276552453924195
2820,3.269634,2820,3.2765656330933575
2830,3.269511,2830,3.276578085608305
2840,3.269381,2840,3.276590538123253
2850,3.269218,2850,3.2766029906382013
2860,3.26909,2860,3.276615443153149
2870,3.268929,2870,3.276627895668097
2880,3.268813,2880,3.2766400914155422
2890,3.268645,2890,3.2766515650043857
2900,3.268503,2900,3.276663038593229
2910,3.268357,2910,3.2766745121820726
2920,3.268229,2920,3.276685985770916
2930,3.268074,2930,3.2766974593597595
2940,3.267909,2940,3.276708652924699
2950,3.267771,2950,3.2767190807099826
2960,3.267612,2960,3.276729508495266
2970,3.267459,2970,3.276739936280549
2980,3.267292,2980,3.2767503640658324
2990,3.267151,2990,3.276760791851116
3000,3.266988,3000,3.2767709295020384
3010,3.266848,3010,3.276780295395561
3020,3.26667,3020,3.2767896612890834
3030,3.266515,3030,3.276799027182606
3040,3.266339,3040,3.2768083930761285
3050,3.266184,3050,3.276817758969651
3060,3.26601,3060,3.2768268361166806
3070,3.265845,3070,3.2768351659198474
3080,3.265677,3080,3.276843495723014
3090,3.265505,3090,3.276851825526181
3100,3.265352,3100,3.2768601553293477
3110,3.265178,3110,3.276868485132514
3120,3.265019,3120,3.2768764062186944
3130,3.264841,3130,3.2768832976524656
3140,3.264669,3140,3.276890189086237
3150,3.264504,3150,3.276897080520009
3160,3.264347,3160,3.27690397195378
3170,3.264164,3170,3.2769108633875517
3180,3.264027,3180,3.27691736575312
3190,3.263823,3190,3.276922913800454
3200,3.263659,3200,3.276928461847788
3210,3.263475,3210,3.2769340098951214
3220,3.263312,3220,3.2769395579424554
3230,3.263134,3230,3.2769451059897894
3240,3.26297,3240,3.2769501537537225
3250,3.262779,3250,3.276954006396197
3260,3.26262,3260,3.276957859038671
3270,3.262438,3270,3.276961711681146
3280,3.262274,3280,3.2769655643236204
3290,3.26209,3290,3.276969416966095
3300,3.261926,3300,3.276972648975842
3310,3.26175,3310,3.27697443660397
3320,3.261593,3320,3.2769762242320972
3330,3.261421,3330,3.276978011860225
3340,3.26123,3340,3.2769797994883523
3350,3.261061,3350,3.27698158711648
3360,3.260906,3360,3.2769825734176847
3370,3.260715,3370,3.2769817424239034
3380,3.260554,3380,3.276980911430122
3390,3.260405,3390,3.2769800804363407
3400,3.260246,3400,3.2769792494425594
3410,3.260059,3410,3.2769784184487776
3420,3.259896,3420,3.276976555959446
3430,3.25972,3430,3.276972413322055
3440,3.259555,3440,3.2769682706846646
3450,3.259402,3450,3.2769641280472737
3460,3.259223,3460,3.2769599854098828
3470,3.259041,3470,3.276955842772492
3480,3.258871,3480,3.276950378929081
3490,3.258712,3490,3.276942067658901
3500,3.258564,3500,3.2769337563887215
3510,3.258409,3510,3.2769254451185414
3520,3.258252,3520,3.276917133848362
3530,3.25807,3530,3.276908822578182
3540,3.257895,3540,3.2768987600952566
3550,3.257736,3550,3.276885017097407
3560,3.257594,3560,3.2768712740995576
3570,3.257454,3570,3.276857531101708
3580,3.257299,3580,3.2768437881038586
3590,3.257161,3590,3.2768300451060095
3600,3.257013,3600,3.2768139572099164
3610,3.256852,3610,3.276793062272425
3620,3.256714,3620,3.2767721673349333
3630,3.256576,3630,3.2767512723974415
3640,3.256398,3640,3.27673037745995
3650,3.256264,3650,3.2767094825224583
3660,3.256101,3660,3.2766854476446707
3670,3.255954,3670,3.276655132886291
3680,3.255823,3680,3.276624818127912
3690,3.255696,3690,3.2765945033695325
3700,3.255532,3700,3.276564188611153
3710,3.255399,3710,3.276533873852774
3720,3.25525,3720,3.27649937093689
3730,3.255097,3730,3.2764566943587807
3740,3.254949,3740,3.2764140177806715
3750,3.25483,3750,3.276371341202562
3760,3.2547,3760,3.2763286646244527
3770,3.254548,3770,3.2762859880463435
3780,3.254427,3780,3.2762377498464907
3790,3.2543,3790,3.276178918081413
3800,3.254166,3800,3.276120086316335
3810,3.254043,3810,3.2760612545512573
3820,3.253907,3820,3.2760024227861795
3830,3.25378,3830,3.2759435910211017
3840,3.253665,3840,3.2758774620422324
3850,3.253519,3850,3.2757977648064704
3860,3.253415,3860,3.275718067570708
3870,3.253294,3870,3.275638370334946
3880,3.25316,3880,3.2755586730991837
3890,3.25305,3890,3.2754789758634217
3900,3.252923,3900,3.2753897282123745
3910,3.25281,3910,3.2752831428843483
3920,3.252685,3920,3.2751765575563225
3930,3.252575,3930,3.2750699722282968
3940,3.252448,3940,3.2749633869002706
3950,3.25232,3950,3.274856801572245
3960,3.252218,3960,3.2747379869015227
3970,3.252087,3970,3.2745974929414765
3980,3.251992,3980,3.27445699898143
3990,3.251854,3990,3.274316505021383
4000,3.251754,4000,3.2741760110613365
4010,3.251648,4010,3.2740355171012903
4020,3.251518,4020,3.273879629281934
4030,3.25144,4030,3.273697089407655
4040,3.251313,4040,3.2735145495333753
4050,3.251194,4050,3.2733320096590957
4060,3.251111,4060,3.2731494697848165
4070,3.251005,4070,3.272966929910537
4080,3.250918,4080,3.2727656073673765
4090,3.250818,4090,3.2725325200165494
4100,3.250674,4100,3.2722994326657227
4110,3.250596,4110,3.272066345314896
4120,3.250492,4120,3.2718332579640688
4130,3.250405,4130,3.271600170613242
4140,3.250318,4140,3.2713450794680643
4150,3.250195,4150,3.271053634227873
4160,3.25011,4160,3.2707621889876815
4170,3.250021,4170,3.27047074374749
4180,3.249917,4180,3.2701792985072986
4190,3.249798,4190,3.269887853267107
4200,3.249722,4200,3.269572080252061
4210,3.249624,4210,3.269217035257607
4220,3.249531,4220,3.2688619902631526
4230,3.249471,4230,3.2685069452686983
4240,3.249361,4240,3.268151900274244
4250,3.249268,4250,3.26779685527979
4260,3.249168,4260,3.267417047701216
4270,3.249077,4270,3.2669981780181145
4280,3.249,4280,3.266579308335013
4290,3.248913,4290,3.2661604386519123
4300,3.248807,4300,3.265741568968811
4310,3.248741,4310,3.2653226992857096
4320,3.248642,4320,3.2648815184903297
4330,3.248563,4330,3.2644059413968534
4340,3.248491,4340,3.263930364303377
4350,3.248389,4350,3.2634547872099007
4360,3.248294,4360,3.2629792101164243
4370,3.248213,4370,3.2625036330229484
4380,3.248118,4380,3.2620115385879647
4390,3.248041,4390,3.2614945550082446
4400,3.247954,4400,3.260977571428524
4410,3.247872,4410,3.260460587848804
4420,3.247785,4420,3.259943604269084
4430,3.247713,4430,3.2594266206893634
4440,3.247636,4440,3.258901833086193
4450,3.24756,4450,3.258365550367401
4460,3.247467,4460,3.2578292676486083
4470,3.247377,4470,3.257292984929816
4480,3.247292,4480,3.2567567022110233
4490,3.247233,4490,3.256220419492231
4500,3.247146,4500,3.2556868258944873
4510,3.24708,4510,3.255157104631054
4520,3.246987,4520,3.254627383367621
4530,3.246915,4530,3.2540976621041877
4540,3.246836,4540,3.2535679408407545
4550,3.246758,4550,3.2530382195773213
4560,3.24669,4560,3.2525213563590842
4570,3.246607,4570,3.2520225959150038
4580,3.246526,4580,3.2515238354709233
4590,3.246459,4590,3.2510250750268432
4600,3.246393,4600,3.2505263145827628
4610,3.24631,4610,3.2500275541386827
4620,3.246232,4620,3.2495497011347894
4630,3.24616,4630,3.2491006298018026
4640,3.24609,4640,3.248651558468816
4650,3.24599,4650,3.2482024871358286
4660,3.24593,4660,3.247753415802842
4670,3.245848,4670,3.247304344469855
4680,3.245788,4680,3.2468810870868277
4690,3.245706,4690,3.246492579251822
4700,3.245631,4700,3.2461040714168163
4710,3.245553,4710,3.2457155635818107
4720,3.245472,4720,3.2453270557468055
4730,3.245411,4730,3.2449385479118
4740,3.245326,4740,3.244577600960697
4750,3.245273,4750,3.2442529366921993
4760,3.245192,4760,3.243928272423702
4770,3.245107,4770,3.243603608155205
4780,3.24505,4780,3.243278943886708
4790,3.244978,4790,3.242954279618211
4800,3.2449,4800,3.242656187586493
4810,3.244832,4810,3.242392307309629
4820,3.244738,4820,3.242128427032765
4830,3.244694,4830,3.2418645467559006
4840,3.244607,4840,3.2416006664790364
4850,3.244541,4850,3.2413367862021722
4860,3.244462,4860,3.2410968089864065
4870,3.24438,4870,3.2408869319216533
4880,3.244327,4880,3.2406770548569
4890,3.244248,4890,3.240467177792147
4900,3.24417,4900,3.2402573007273934
4910,3.244112,4910,3.24004742366264
4920,3.244038,4920,3.2398579877051836
4930,3.243962,4930,3.239693729209153
4940,3.243862,4940,3.2395294707131224
4950,3.243794,4950,3.2393652122170917
4960,3.243728,4960,3.239200953721061
4970,3.243671,4970,3.2390366952250305
4980,3.243572,4980,3.2388892472443582
4990,3.243512,4990,3.2387620528966474
5000,3.243444,5000,3.238634858548937
5010,3.243368,5010,3.2385076642012263
5020,3.243289,5020,3.238380469853516
5030,3.24323,5030,3.238253275505805
5040,3.243143,5040,3.2381395210068327
5050,3.243079,5050,3.2380416063295874
5060,3.243013,5060,3.2379436916523425
5070,3.242935,5070,3.2378457769750972
5080,3.242855,5080,3.237747862297852
5090,3.242791,5090,3.2376499476206066
5100,3.2427,5100,3.2375625368212813
5110,3.242623,5110,3.237487236375322
5120,3.24254,5120,3.2374119359293627
5130,3.242479,5130,3.2373366354834037
5140,3.242426,5140,3.2372613350374446
5150,3.242347,5150,3.237186034591485
5160,3.242284,5160,3.2371186947601136
5170,3.242188,5170,3.237060333761474
5180,3.242137,5180,3.237001972762834
5190,3.242054,5190,3.2369436117641945
5200,3.241993,5200,3.236885250765555
5210,3.241902,5210,3.2368268897669155
5220,3.241847,5220,3.236774649585054
5230,3.241768,5230,3.236729163407913
5240,3.2417,5240,3.2366836772307725
5250,3.24163,5250,3.2366381910536317
5260,3.241562,5260,3.236592704876491
5270,3.241477,5270,3.23654721869935
5280,3.241407,5280,3.2365062654880288
5290,3.241346,5290,3.2364702058193533
5300,3.24127,5300,3.236434146150678
5310,3.241172,5310,3.2363980864820023
5320,3.241106,5320,3.236362026813327
5330,3.241026,5330,3.2363259671446514
5340,3.240973,5340,3.2362932540338867
5350,3.240909,5350,3.236264075489904
5360,3.240822,5360,3.236234896945921
5370,3.240763,5370,3.2362057184019384
5380,3.240678,5380,3.2361765398579556
5390,3.240608,5390,3.236147361313973
5400,3.240525,5400,3.2361206063518337
5410,3.240449,5410,3.2360963557576006
5420,3.240358,5420,3.2360721051633674
5430,3.240306,5430,3.2360478545691342
5440,3.240232,5440,3.236023603974901
5450,3.240147,5450,3.235999353380668
5460,3.240065,5460,3.235976841627717
5470,3.240007,5470,3.235956087824194
5480,3.239916,5480,3.2359353340206707
5490,3.239844,5490,3.235914580217148
5500,3.239763,5500,3.2358938264136246
5510,3.239676,5510,3.2358730726101017
5520,3.239609,5520,3.2358535323549917
5530,3.239538,5530,3.2358351924575506
5540,3.239449,5540,3.23581685256011
5550,3.239379,5550,3.235798512662669
5560,3.239299,5560,3.235780172765228
5570,3.239233,5570,3.2357618328677873
5580,3.239152,5580,3.2357442607092035
5590,3.239065,5590,3.2357274315237077
5600,3.238996,5600,3.235710602338212
5610,3.238915,5610,3.235693773152716
5620,3.238841,5620,3.23567694396722
5630,3.238741,5630,3.2356601147817243
5640,3.238671,5640,3.2356437790895027
5650,3.238596,5650,3.2356279106409134
5660,3.238503,5660,3.235612042192324
5670,3.238427,5670,3.2355961737437346
5680,3.238361,5680,3.2355803052951457
5690,3.238287,5690,3.2355644368465564
5700,3.238191,5700,3.235548822685043
5710,3.238085,5710,3.235533444073663
5720,3.238037,5720,3.235518065462283
5730,3.237958,5730,3.235502686850903
5740,3.237858,5740,3.235487308239523
5750,3.237759,5750,3.235471929628143
5760,3.237684,5760,3.2354565946086833
5770,3.237612,5770,3.2354412990944006
5780,3.237523,5780,3.2354260035801183
5790,3.237442,5790,3.235410708065836
5800,3.237381,5800,3.2353954125515534
5810,3.237271,5810,3.235380117037271
5820,3.23719,5820,3.2353647134167
5830,3.237103,5830,3.2353492139493167
5840,3.23702,5840,3.2353337144819334
5850,3.236931,5850,3.2353182150145496
5860,3.236853,5860,3.2353027155471663
5870,3.23677,5870,3.235287216079783
5880,3.23667,5880,3.2352714861654754
5890,3.236588,5890,3.235255556373734
5900,3.236509,5900,3.235239626581993
5910,3.236435,5910,3.2352236967902512
5920,3.236326,5920,3.23520776699851
5930,3.236231,5930,3.2351918372067687
5940,3.236163,5940,3.2351755499206636
5950,3.236072,5950,3.2351589593060077
5960,3.235991,5960,3.235142368691352
5970,3.235898,5970,3.235125778076696
5980,3.235813,5980,3.23510918746204
5990,3.235731,5990,3.2350925968473843
6000,3.235637,6000,3.23507548394631
6010,3.235533,6010,3.235057937547508
6020,3.235451,6020,3.235040391148706
6030,3.235366,6030,3.235022844749904
6040,3.23527,6040,3.2350052983511017
6050,3.235194,6050,3.2349877519523
6060,3.23509,6060,3.234969610154019
6070,3.235001,6070,3.2349509849621003
6080,3.234916,6080,3.2349323597701822
6090,3.234814,6090,3.234913734578264
6100,3.234725,6100,3.234895109386346
6110,3.23461,6110,3.234876484194428
6120,3.234536,6120,3.234857132421034
6130,3.234421,6130,3.2348372036564683
6140,3.234343,6140,3.2348172748919026
6150,3.234233,6150,3.2347973461273374
6160,3.234159,6160,3.2347774173627717
6170,3.234067,6170,3.234757488598206
6180,3.233965,6180,3.2347367327712693
6190,3.233889,6190,3.2347153345657915
6200,3.233776,6200,3.234693936360314
6210,3.233689,6210,3.234672538154837
6220,3.233575,6220,3.2346511399493596
6230,3.233494,6230,3.234629741743882
6240,3.233371,6240,3.2346073215358198
6250,3.23328,6250,3.2345841249988707
6260,3.233185,6260,3.2345609284619217
6270,3.233089,6270,3.2345377319249726
6280,3.232983,6280,3.2345145353880236
6290,3.232877,6290,3.2344913388510745
6300,3.232792,6300,3.234467012629261
6310,3.232712,6310,3.2344418472129766
6320,3.232591,6320,3.234416681796692
6330,3.232489,6330,3.2343915163804073
6340,3.232385,6340,3.2343663509641227
6350,3.232277,6350,3.234341185547838
6360,3.23216,6360,3.234314687146254
6370,3.232056,6370,3.2342872204440285
6380,3.231954,6380,3.2342597537418025
6390,3.231835,6390,3.234232287039577
6400,3.231746,6400,3.2342048203373515
6410,3.231663,6410,3.2341773536351255
6420,3.231536,6420,3.234148319421974
6430,3.231432,6430,3.2341181718365766
6440,3.231326,6440,3.2340880242511787
6450,3.231233,6450,3.2340578766657813
6460,3.231103,6460,3.2340277290803834
6470,3.230983,6470,3.2339975814949855
6480,3.230883,6480,3.2339656624280986
6490,3.230764,6490,3.2339325131657324
6500,3.230658,6500,3.2338993639033666
6510,3.230544,6510,3.2338662146410004
6520,3.230446,6520,3.2338330653786342
6530,3.230331,6530,3.2337999161162685
6540,3.2302,6540,3.2337647028258227
6550,3.230088,6550,3.2337280882686072
6560,3.229981,6560,3.233691473711392
6570,3.229848,6570,3.2336548591541767
6580,3.229756,6580,3.2336182445969612
6590,3.229633,6590,3.233581630039746
6600,3.229506,6600,3.2335426130236047
6610,3.229383,6610,3.2335020016483575
6620,3.229249,6620,3.2334613902731104
6630,3.229139,6630,3.2334207788978637
6640,3.229042,6640,3.2333801675226166
6650,3.228904,6650,3.2333395561473695
6660,3.228791,6660,3.233296129109448
6670,3.228679,6670,3.2332508756957385
6680,3.228547,6680,3.233205622282029
6690,3.228426,6690,3.2331603688683193
6700,3.228297,6700,3.2331151154546096
6710,3.228178,6710,3.2330698620408995
6720,3.228053,6720,3.2330214304794738
6730,3.227923,6730,3.2329709841994068
6740,3.227809,6740,3.2329205379193398
6750,3.227671,6750,3.2328700916392727
6760,3.227531,6760,3.2328196453592057
6770,3.227421,6770,3.2327691990791387
6780,3.227298,6780,3.232715040135589
6790,3.227134,6790,3.232658581312006
6800,3.22702,6800,3.232602122488423
6810,3.226897,6810,3.23254566366484
6820,3.226761,6820,3.232489204841257
6830,3.22664,6830,3.232432746017674
6840,3.226494,6840,3.2323720067391957
6850,3.226364,6850,3.2323086766590707
6860,3.226241,6860,3.232245346578946
6870,3.226084,6870,3.232182016498821
6880,3.225961,6880,3.232118686418696
6890,3.225813,6890,3.232055356338571
6900,3.225671,6900,3.2319871087937666
6910,3.225528,6910,3.2319159535307165
6920,3.22542,6920,3.231844798267667
6930,3.225265,6930,3.2317736430046167
6940,3.225142,6940,3.231702487741567
6950,3.224994,6950,3.231631332478517
6960,3.224866,6960,3.231554475309197
6970,3.224716,6970,3.2314743247974627
6980,3.224548,6980,3.2313941742857284
6990,3.224412,6990,3.2313140237739937
7000,3.224283,7000,3.2312338732622594
7010,3.224113,7010,3.231153722750525
7020,3.223995,7020,3.231067023608571
7030,3.223816,7030,3.2309766303675183
7040,3.223668,7040,3.2308862371264655
7050,3.223526,7050,3.2307958438854127
7060,3.223371,7060,3.23070545064436
7070,3.223224,7070,3.2306150574033072
7080,3.223061,7080,3.2305171213736275
7090,3.222913,7090,3.2304150304180097
7100,3.22276,7100,3.2303129394623915
7110,3.222601,7110,3.2302108485067738
7120,3.222454,7120,3.2301087575511556
7130,3.222295,7130,3.230006666595538
7140,3.222143,7140,3.2298960483352963
7150,3.221964,7150,3.229780843961644
7160,3.221803,7160,3.2296656395879917
7170,3.221629,7170,3.2295504352143394
7180,3.221466,7180,3.229435230840687
7190,3.221319,7190,3.2293200264670348
7200,3.221156,7200,3.229195125719534
7210,3.220993,7210,3.2290651343757633
7220,3.220846,7220,3.2289351430319924
7230,3.220679,7230,3.228805151688222
7240,3.220503,7240,3.228675160344451
7250,3.220309,7250,3.22854516900068
7260,3.220163,7260,3.228404016213746
7270,3.219989,7270,3.228257144340233
7280,3.219815,7280,3.22811027246672
7290,3.21965,7290,3.2279634005932065
7300,3.21948,7300,3.227816528719693
7310,3.219312,7310,3.2276696568461802
7320,3.219115,7320,3.2275102519870695
7330,3.218958,7330,3.22734458063516
7340,3.218771,7340,3.2271789092832504
7350,3.21861,7350,3.227013237931341
7360,3.2184,7360,3.2268475665794316
7370,3.218251,7370,3.226681895227522
7380,3.218063,7380,3.2265021340170916
7390,3.217883,7390,3.2263154997049437
7400,3.217685,7400,3.2261288653927958
7410,3.217499,7410,3.225942231080648
7420,3.217325,7420,3.2257555967684994
7430,3.217153,7430,3.2255689624563515
7440,3.216955,7440,3.2253666730006647
7450,3.2168,7450,3.225156934726681
7460,3.216586,7460,3.2249471964526975
7470,3.216387,7470,3.2247374581787143
7480,3.216194,7480,3.2245277199047306
7490,3.216009,7490,3.224317981630747
7500,3.215818,7500,3.224090852480093
7510,3.215611,7510,3.2238556539626644
7520,3.215424,7520,3.2236204554452352
7530,3.21522,7530,3.2233852569278065
7540,3.215021,7540,3.223150058410378
7550,3.214819,7550,3.2229148598929487
7560,3.214641,7560,3.222660689554954
7570,3.214439,7570,3.222397936726703
7580,3.214238,7580,3.2221351838984518
7590,3.214047,7590,3.221872431070201
7600,3.213835,7600,3.22160967824195
7610,3.213614,7610,3.221346925413699
7620,3.213442,7620,3.221063487879358
7630,3.213222,7630,3.2207709295297327
7640,3.21302,7640,3.220478371180107
7650,3.212804,7650,3.220185812830482
7660,3.2126,7660,3.2198932544808567
7670,3.212394,7670,3.2196006961312316
7680,3.21221,7680,3.219286110192302
7690,3.212002,7690,3.2189620592735935
7700,3.211781,7700,3.2186380083548847
7710,3.211567,7710,3.218313957436176
7720,3.211365,7720,3.2179899065174675
7730,3.21116,7730,3.2176658555987587
7740,3.210948,7740,3.21731848364145
7750,3.210735,7750,3.2169613493889138
7760,3.210523,7760,3.216604215136377
7770,3.210311,7770,3.2162470808838406
7780,3.210112,7780,3.2158899466313042
7790,3.209876,7790,3.215532812378768
7800,3.209683,7800,3.215151309925264
7810,3.209471,7810,3.2147598727436746
7820,3.209269,7820,3.2143684355620845
7830,3.209053,7830,3.2139769983804944
7840,3.208822,7840,3.213585561198905
7850,3.208597,7850,3.2131941240173147
7860,3.208397,7860,3.2127779517708164
7870,3.20817,7870,3.2123519610252704
7880,3.207971,7880,3.2119259702797245
7890,3.20775,7890,3.211499979534178
7900,3.207525,7900,3.211073988788632
7910,3.207305,7910,3.210647998043086
7920,3.207095,7920,3.2101977956924275
7930,3.206897,7930,3.209738238857975
7940,3.206647,7940,3.209278682023522
7950,3.206448,7950,3.2088191251890694
7960,3.206229,7960,3.208359568354617
7970,3.206019,7970,3.2079000115201644
7980,3.205792,7980,3.207416808003255
7990,3.205606,7990,3.206924714756098
8000,3.205372,8000,3.2064326215089416
8010,3.205154,8010,3.205940528261785
8020,3.204935,8020,3.2054484350146284
8030,3.204702,8030,3.2049563417674714
8040,3.204494,8040,3.2044423030008002
8050,3.204261,8050,3.2039202393799777
8060,3.20404,8060,3.203398175759155
8070,3.203819,8070,3.2028761121383327
8080,3.203592,8080,3.20235404851751
8090,3.203387,8090,3.2018319848966876
8100,3.203153,8100,3.201290258306533
8110,3.202947,8110,3.200741540438393
8120,3.202723,8120,3.200192822570253
8130,3.202502,8130,3.1996441047021134
8140,3.20226,8140,3.1990953868339735
8150,3.202039,8150,3.1985466689658337
8160,3.201802,8160,3.1979815922933557
8170,3.201594,8170,3.197410862210555
8180,3.201365,8180,3.1968401321277544
8190,3.201146,8190,3.196269402044954
8200,3.200904,8200,3.1956986719621527
8210,3.200671,8210,3.195127941879352
8220,3.200431,8220,3.1945447112795673
8230,3.20019,8230,3.1939572834259047
8240,3.199944,8240,3.1933698555722416
8250,3.199706,8250,3.1927824277185786
8260,3.19947,8260,3.192194999864916
8270,3.199214,8270,3.191607572011253
8280,3.198982,8280,3.1910121483018785
8290,3.198734,8290,3.1904141172482503
8300,3.198488,8300,3.189816086194622
8310,3.198229,8310,3.189218055140994
8320,3.197985,8320,3.1886200240873652
8330,3.197743,8330,3.188021993033737
8340,3.197464,8340,3.187420782329945
8350,3.197213,8350,3.1868185651181875
8360,3.196961,8360,3.1862163479064303
8370,3.196691,8370,3.1856141306946726
8380,3.196411,8380,3.185011913482915
8390,3.196161,8390,3.1844096962711577
8400,3.195904,8400,3.1838092839360406
8410,3.195656,8410,3.1832094259558916
8420,3.195368,8420,3.182609567975743
8430,3.19507,8430,3.182009709995594
8440,3.194795,8440,3.1814098520154452
8450,3.194532,8450,3.1808099940352963
8460,3.194243,8460,3.180216877204726
8470,3.193952,8470,3.1796257683761575
8480,3.193664,8480,3.179034659547589
8490,3.193352,8490,3.1784435507190207
8500,3.193059,8500,3.1778524418904524
8510,3.192794,8510,3.177261333061884
8520,3.192465,8520,3.1766815118525553
8530,3.192187,8530,3.176104949744557
8540,3.191861,8540,3.175528387636558
8550,3.191557,8550,3.174951825528559
8560,3.191247,8560,3.1743752634205604
8570,3.190944,8570,3.1737987013125615
8580,3.190613,8580,3.173237476008006
8590,3.190289,8590,3.1726805407184004
8600,3.189975,8600,3.1721236054287947
8610,3.189635,8610,3.1715666701391885
8620,3.189285,8620,3.1710097348495827
8630,3.188963,8630,3.170452799559977
8640,3.188638,8640,3.1699143536821492
8650,3.188299,8650,3.1693809153533445
8660,3.187936,8660,3.1688474770245403
8670,3.187607,8670,3.1683140386957356
8680,3.187246,8680,3.1677806003669313
8690,3.186882,8690,3.167247162038127
8700,3.186512,8700,3.1667346861177
8710,3.186162,8710,3.1662277037939512
8720,3.18581,8720,3.165720721470203
8730,3.185437,8730,3.1652137391464543
8740,3.185085,8740,3.1647067568227056
8750,3.184713,8750,3.164199774498957
8760,3.184319,8760,3.163715197778546
8770,3.183956,8770,3.163236299190487
8780,3.183576,8780,3.162757400602428
8790,3.183203,8790,3.162278502014369
8800,3.182847,8800,3.16179960342631
8810,3.182465,8810,3.1613207048382512
8820,3.182091,8820,3.1608645455583084
8830,3.181699,8830,3.1604139550885164
8840,3.181311,8840,3.1599633646187244
8850,3.180905,8850,3.159512774148933
8860,3.180551,8860,3.159062183679141
8870,3.180144,8870,3.158611593209349
8880,3.179736,8880,3.1581832816934474
8890,3.179363,8890,3.157760238849075
8900,3.178981,8900,3.157337196004702
8910,3.178593,8910,3.1569141531603293
8920,3.1782,8920,3.1564911103159563
8930,3.177823,8930,3.1560680674715833
8940,3.17743,8940,3.1556656227160547
8950,3.177044,8950,3.155267878195564
8960,3.176671,8960,3.1548701336750735
8970,3.176259,8970,3.154472389154583
8980,3.175865,8980,3.1540746446340924
8990,3.175474,8990,3.153676900113602
9000,3.175071,9000,3.153297031924531
9010,3.174675,9010,3.152921096528372
9020,3.174289,9020,3.1525451611322133
9030,3.173892,9030,3.1521692257360545
9040,3.17348,9040,3.1517932903398957
9050,3.173075,9050,3.1514173549437374
9060,3.172663,9060,3.151055532859052
9070,3.172256,9070,3.1506967016748115
9080,3.171847,9080,3.150337870490571
9090,3.171433,9090,3.1499790393063303
9100,3.171013,9100,3.14962020812209
9110,3.170584,9110,3.1492613769378495
9120,3.170156,9120,3.148911629507112
9130,3.169725,9130,3.148563734683996
9140,3.169305,9140,3.1482158398608804
9150,3.168864,9150,3.147867945037765
9160,3.168418,9160,3.1475200502146494
9170,3.16796,9170,3.1471721553915337
9180,3.167515,9180,3.1468268707166525
9190,3.167073,9190,3.146482097835543
9200,3.166596,9200,3.146137324954433
9210,3.16611,9210,3.145792552073323
9220,3.165631,9220,3.1454477791922137
9230,3.165139,9230,3.145103006311104
9240,3.164646,9240,3.1447527282416115
9250,3.164146,9250,3.1444014134808005
9260,3.163626,9260,3.144050098719989
9270,3.1631,9270,3.143698783959178
9280,3.162559,9280,3.1433474691983667
9290,3.16202,9290,3.1429961544375558
9300,3.161502,9300,3.142629163590146
9310,3.16094,9310,3.142259340933544
9320,3.160389,9320,3.1418895182769426
9330,3.159822,9330,3.141519695620341
9340,3.159251,9340,3.1411498729637395
9350,3.158677,9350,3.140780050307138
9360,3.158121,9360,3.1403815016699825
9370,3.157527,9370,3.139977981228501
9380,3.156935,9380,3.1395744607870193
9390,3.156375,9390,3.1391709403455375
9400,3.155794,9400,3.1387674199040556
9410,3.155212,9410,3.1383638994625738
9420,3.154659,9420,3.1379153561672712
9430,3.154118,9430,3.1374593568579603
9440,3.153566,9440,3.1370033575486493
9450,3.153044,9450,3.1365473582393384
9460,3.152558,9460,3.1360913589300274
9470,3.15206,9470,3.135635359620717
9480,3.151585,9480,3.135114108746344
9490,3.151137,9490,3.134582533257246
9500,3.150698,9500,3.134050957768148
9510,3.150289,9510,3.1335193822790504
9520,3.149898,9520,3.1329878067899526
9530,3.149497,9530,3.132456231300855
9540,3.149119,9540,3.131834465283706
9550,3.148765,9550,3.1311990856019447
9560,3.148413,9560,3.130563705920184
9570,3.148069,9570,3.1299283262384234
9580,3.147764,9580,3.1292929465566623
9590,3.147439,9590,3.1286575668749017
9600,3.147149,9600,3.127901885981641
9610,3.146858,9610,3.1271289117892267
9620,3.146559,9620,3.126355937596813
9630,3.146283,9630,3.1255829634043986
9640,3.145984,9640,3.1248099892119847
9650,3.145727,9650,3.1240370150195704
9660,3.145451,9660,3.1231091486915656
9670,3.14518,9670,3.1221601169785727
9680,3.144906,9680,3.12121108526558
9690,3.144645,9690,3.1202620535525876
9700,3.144387,9700,3.119313021839595
9710,3.144117,9710,3.1183639901266025
9720,3.143826,9720,3.117221653889368
9730,3.143555,9730,3.1160542596582506
9740,3.14327,9740,3.114886865427133
9750,3.142991,9750,3.113719471196015
9760,3.142704,9760,3.1125520769648976
9770,3.142426,9770,3.11138468273378
9780,3.142116,9780,3.109985927973969
9790,3.141813,9790,3.1085587854192265
9800,3.141514,9800,3.1071316428644837
9810,3.141213,9810,3.1057045003097414
9820,3.140893,9820,3.1042773577549987
9830,3.140553,9830,3.102850215200256
9840,3.140224,9840,3.10115909913333
9850,3.139902,9850,3.099437400769261
9860,3.139566,9860,3.097715702405192
9870,3.139201,9870,3.0959940040411222
9880,3.138864,9880,3.094272305677053
9890,3.138508,9890,3.092550607312984
9900,3.138124,9900,3.090545477714252
9910,3.137765,9910,3.0885094283444654
9920,3.137364,9920,3.0864733789746794
9930,3.136944,9930,3.084437329604893
9940,3.136567,9940,3.082401280235107
9950,3.136138,9950,3.0803652308653207
9960,3.135708,9960,3.078048387624483
9970,3.135256,9970,3.075702788384803
9980,3.134819,9980,3.073357189145123
9990,3.134339,9990,3.0710115899054427
10000,3.133856,10000,3.0686659906657625
10010,3.133344,10010,3.066320391426082
10020,3.132839,10020,3.063723335281255
10030,3.132305,10030,3.0611021874568936
10040,3.131747,10040,3.0584810396325315
10050,3.131167,10050,3.05585989180817
10060,3.130565,10060,3.0532387439838082
10070,3.129948,10070,3.050617596159446
10080,3.129294,10080,3.0478027775374046
10090,3.128637,10090,3.0449706668798555
10100,3.127943,10100,3.0421385562223064
10110,3.127209,10110,3.039306445564758
10120,3.126418,10120,3.0364743349072087
10130,3.125603,10130,3.0336422242496597
10140,3.124771,10140,3.0306907510809737
10150,3.123891,10150,3.027729389893614
10160,3.122928,10160,3.024768028706254
10170,3.121912,10170,3.021806667518894
10180,3.120855,10180,3.018845306331534
10190,3.11972,10190,3.0158839451441746
10200,3.118502,10200,3.0128807801597293
10210,3.117229,10210,3.0098744184143307
10220,3.115846,10220,3.006868056668932
10230,3.114383,10230,3.0038616949235335
10240,3.112796,10240,3.000855333178135
10250,3.111126,10250,2.9978489714327363
10260,3.109344,10260,2.994861132554547
10270,3.107426,10270,2.9918745935266884
10280,3.105402,10280,2.9888880544988297
10290,3.103253,10290,2.985901515470971
10300,3.100977,10300,2.982914976443112
10310,3.098537,10310,2.9799284374152535
10320,3.096023,10320,2.9769894280181703
10330,3.093354,10330,2.9740534583067766
10340,3.090569,10340,2.971117488595383
10350,3.087656,10350,2.968181518883989
10360,3.084629,10360,2.9652455491725953
10370,3.081525,10370,2.9623095794612015
10380,3.078258,10380,2.9594121396036033
10390,3.074921,10390,2.9565169269051834
10400,3.071455,10400,2.9536217142067636
10410,3.067931,10410,2.9507265015083437
10420,3.064233,10420,2.947831288809924
10430,3.060485,10430,2.9449360761115044
10440,3.056611,10440,2.942032802290986
10450,3.052667,10450,2.939129111515876
10460,3.048617,10460,2.936225420740766
10470,3.044487,10470,2.933321729965656
10480,3.040233,10480,2.9304180391905463
10490,3.035867,10490,2.9275143484154365
10500,3.031395,10500,2.9245238210934534
10510,3.026836,10510,2.921529324100756
10520,3.022158,10520,2.918534827108059
10530,3.017381,10530,2.9155403301153617
10540,3.012491,10540,2.9125458331226644
10550,3.007441,10550,2.909551336129967
10560,3.002305,10560,2.9063653126671927
10570,2.997036,10570,2.9031716716743583
10580,2.991596,10580,2.899978030681524
10590,2.986051,10590,2.8967843896886896
10600,2.980374,10600,2.8935907486958556
10610,2.974527,10610,2.8903971077030213
10620,2.968515,10620,2.8868846995373723
10630,2.962345,10630,2.883361485704848
10640,2.955987,10640,2.879838271872324
10650,2.949451,10650,2.8763150580398
10660,2.942754,10660,2.872791844207276
10670,2.935812,10670,2.869268630374752
10680,2.928682,10680,2.8652782571571582
10690,2.921321,10690,2.861274761484928
10700,2.913732,10700,2.8572712658126975
10710,2.905887,10710,2.853267770140467
10720,2.897747,10720,2.849264274468237
10730,2.88936,10730,2.8452607787960065
10740,2.880652,10740,2.84061852394636
10750,2.871614,10750,2.835961995148615
10760,2.862263,10760,2.83130546635087
10770,2.852538,10770,2.826648937553125
10780,2.842438,10780,2.8219924087553796
10790,2.831873,10790,2.8173358799576347
10800,2.820835,10800,2.8118405454261786
10810,2.809309,10810,2.8063312307991604
10820,2.797236,10820,2.800821916172142
10830,2.784539,10830,2.795312601545124
10840,2.771203,10840,2.789803286918106
10850,2.757132,10850,2.784293972291088
10860,2.742252,10860,2.77770979131288
10870,2.726517,10870,2.7711137333584155
10880,2.709831,10880,2.764517675403951
10890,2.692026,10890,2.7579216174494867
10900,2.672962,10900,2.7513255594950223
10910,2.652482,10910,2.744729501540558
10920,2.63023,10920,2.736777196241856
10930,2.605881,10930,2.72881743903467
10940,2.578926,10940,2.720857681827484
10950,2.548761,10950,2.7128979246202976
10960,2.514584,10960,2.704938167413111
10970,2.499999,10970,2.696978410205925
