Ah,SOC,V,A,Wh,time,tp,tn,tb,ta
0.000389,100.00%,3.344836,-140.106,-0.001301,0,26.63,26.52,27.53,24.7
0.389086,99.86%,3.304324,-140.071,-1.29146,10,26.65,26.58,27.46,24.69
0.778174,99.72%,3.288556,-140.0692,-2.573732,20,26.7,26.61,27.41,24.64
1.167262,99.58%,3.279581,-140.0729,-3.851369,30,26.78,26.64,27.41,24.6
1.556351,99.44%,3.274239,-140.0727,-5.126291,40,26.78,26.69,27.43,24.68
1.945442,99.30%,3.271269,-140.0736,-6.399628,50,26.9,26.87,27.4,24.63
2.334533,99.16%,3.269725,-140.0725,-7.672106,60,27.01,26.9,27.5,24.73
2.723627,99.03%,3.269028,-140.0743,-8.944178,70,27,26.94,27.35,24.68
3.112718,98.89%,3.268785,-140.0685,-10.21607,80,27.12,26.92,27.47,24.76
3.501811,98.75%,3.268706,-140.0732,-11.48791,90,27.18,26.95,27.43,24.78
3.890907,98.61%,3.268716,-140.0729,-12.75976,100,27.19,27.13,27.33,24.76
4.280003,98.47%,3.268779,-140.0773,-14.03161,110,27.22,27.23,27.45,24.82
4.669099,98.33%,3.26884,-140.0759,-15.30349,120,27.23,27.25,27.48,24.87
5.058195,98.19%,3.268891,-140.0741,-16.5754,130,27.31,27.3,27.41,24.8
5.447294,98.05%,3.268961,-140.0738,-17.84733,140,27.4,27.23,27.47,24.83
5.836394,97.91%,3.268999,-140.0773,-19.1193,150,27.44,27.33,27.45,24.78
6.225492,97.77%,3.269082,-140.0766,-20.39127,160,27.43,27.32,27.47,24.76
6.614591,97.63%,3.269091,-140.0791,-21.66327,170,27.46,27.4,27.39,24.86
7.00369,97.49%,3.269123,-140.0747,-22.93528,180,27.58,27.37,27.45,24.81
7.392788,97.35%,3.269114,-140.0775,-24.20729,190,27.49,27.34,27.5,24.82
7.781888,97.21%,3.269155,-140.0727,-25.47932,200,27.6,27.39,27.48,24.81
8.170986,97.08%,3.269174,-140.0775,-26.75135,210,27.53,27.48,27.45,24.85
8.560084,96.94%,3.269193,-140.072,-28.02339,220,27.64,27.52,27.43,24.85
8.949183,96.80%,3.269177,-140.0752,-29.29542,230,27.63,27.51,27.49,24.85
9.338285,96.66%,3.26919,-140.0713,-30.56747,240,27.75,27.47,27.49,24.9
9.727386,96.52%,3.269161,-140.0732,-31.8395,250,27.66,27.49,27.5,24.85
10.11649,96.38%,3.269152,-140.0747,-33.11154,260,27.75,27.49,27.5,24.88
10.50559,96.24%,3.269145,-140.0759,-34.38358,270,27.75,27.59,27.5,24.89
10.89469,96.10%,3.269117,-140.0784,-35.6556,280,27.77,27.65,27.55,24.93
11.28379,95.96%,3.269098,-140.078,-36.92761,290,27.67,27.62,27.58,24.89
11.67289,95.82%,3.269101,-140.0748,-38.19962,300,27.79,27.65,27.5,24.96
12.06199,95.68%,3.269072,-140.0791,-39.47162,310,27.77,27.63,27.55,25.01
12.45109,95.54%,3.269037,-140.0757,-40.74361,320,27.76,27.66,27.49,24.95
12.8402,95.40%,3.269037,-140.0732,-42.01559,330,27.9,27.71,27.59,24.95
13.2293,95.26%,3.268983,-140.0787,-43.28757,340,27.96,27.76,27.62,24.98
13.6184,95.13%,3.268954,-140.0734,-44.55952,350,27.91,27.67,27.55,24.93
14.0075,94.99%,3.2689,-140.0768,-45.83146,360,27.91,27.76,27.52,24.89
14.3966,94.85%,3.268897,-140.0741,-47.10339,370,27.87,27.74,27.53,24.94
14.7857,94.71%,3.268846,-140.0764,-48.37531,380,27.91,27.76,27.6,24.82
15.1748,94.57%,3.268801,-140.0757,-49.64721,390,27.88,27.7,27.55,24.8
15.5639,94.43%,3.268779,-140.0775,-50.9191,400,27.87,27.75,27.49,24.81
15.953,94.29%,3.268735,-140.0757,-52.19097,410,27.86,27.67,27.5,24.87
16.3421,94.15%,3.268687,-140.0718,-53.46282,420,27.95,27.91,27.45,24.89
16.7312,94.01%,3.268642,-140.0759,-54.73466,430,27.93,27.85,27.58,24.88
17.1203,93.87%,3.268598,-140.0741,-56.00648,440,27.97,27.84,27.56,24.81
17.5094,93.73%,3.268544,-140.0732,-57.27829,450,28,27.8,27.6,24.82
17.8985,93.59%,3.26848,-140.078,-58.55008,460,28.09,27.91,27.61,24.84
18.2876,93.45%,3.268445,-140.0796,-59.82185,470,27.97,27.93,27.59,24.69
18.6767,93.31%,3.268388,-140.0754,-61.09359,480,28.01,27.93,27.51,24.7
19.06581,93.18%,3.268346,-140.0768,-62.36532,490,27.97,27.9,27.52,24.74
19.45491,93.04%,3.268308,-140.0736,-63.63703,500,27.92,27.79,27.55,24.75
19.844,92.90%,3.268267,-140.0757,-64.90871,510,27.98,27.85,27.5,24.72
20.2331,92.76%,3.268203,-140.0729,-66.18037,520,28.09,27.89,27.55,24.67
20.62221,92.62%,3.268152,-140.0706,-67.45202,530,28,27.82,27.6,24.82
21.01131,92.48%,3.268069,-140.0764,-68.72364,540,28.04,27.83,27.53,24.82
21.40041,92.34%,3.268012,-140.0754,-69.99524,550,28.06,27.93,27.5,24.75
21.78951,92.20%,3.267951,-140.0787,-71.26682,560,28.09,27.94,27.57,24.71
22.17861,92.06%,3.2679,-140.0757,-72.53838,570,28.08,27.9,27.47,24.68
22.56771,91.92%,3.267827,-140.0816,-73.80991,580,28.06,27.79,27.55,24.74
22.95681,91.78%,3.267783,-140.077,-75.08142,590,28.14,27.94,27.53,24.74
23.34591,91.64%,3.267697,-140.0789,-76.35291,600,28.1,27.91,27.59,24.74
23.73502,91.50%,3.267646,-140.0764,-77.62437,610,28.23,27.94,27.63,24.78
24.12412,91.36%,3.267582,-140.0732,-78.89581,620,28.1,27.88,27.59,24.8
24.51322,91.23%,3.267509,-140.0768,-80.16721,630,28.14,28.02,27.61,24.86
24.90232,91.09%,3.267452,-140.0777,-81.4386,640,28.15,28.02,27.65,24.9
25.29143,90.95%,3.267382,-140.0743,-82.70995,650,28.04,27.96,27.6,24.88
25.68053,90.81%,3.267324,-140.0748,-83.98129,660,28.17,28.02,27.63,24.76
26.06963,90.67%,3.267264,-140.0794,-85.25259,670,28.16,27.96,27.63,24.82
26.45873,90.53%,3.267181,-140.081,-86.52387,680,28.16,27.97,27.63,24.76
26.84784,90.39%,3.267108,-140.0741,-87.79513,690,28.14,27.96,27.54,24.83
27.23694,90.25%,3.267035,-140.081,-89.06635,700,28.21,27.98,27.63,24.82
27.62604,90.11%,3.266965,-140.0773,-90.33755,710,28.14,28.09,27.65,24.8
28.01515,89.97%,3.266907,-140.0812,-91.60873,720,28.14,28.05,27.65,24.82
28.40425,89.83%,3.266828,-140.0748,-92.87988,730,28.17,28.11,27.65,24.8
28.79335,89.69%,3.266751,-140.0759,-94.15099,740,28.25,28.06,27.64,24.84
29.18246,89.55%,3.266653,-140.0807,-95.42209,750,28.29,28.06,27.61,24.78
29.57156,89.41%,3.26663,-140.0748,-96.69315,760,28.27,28.1,27.61,24.77
29.96067,89.28%,3.266522,-140.0738,-97.96419,770,28.26,28.1,27.58,24.76
30.34977,89.14%,3.266446,-140.0777,-99.23518,780,28.3,28.16,27.6,24.81
30.73887,89.00%,3.266372,-140.0789,-100.5062,790,28.26,28.02,27.6,24.81
31.12798,88.86%,3.266293,-140.0817,-101.7771,800,28.35,28.1,27.64,24.84
31.51708,88.72%,3.26621,-140.0771,-103.048,810,28.34,28.22,27.59,24.88
31.90619,88.58%,3.266137,-140.0807,-104.3189,820,28.23,28.23,27.64,24.82
32.29529,88.44%,3.266042,-140.0803,-105.5897,830,28.21,28.16,27.62,24.85
32.68439,88.30%,3.265971,-140.0727,-106.8606,840,28.34,28.13,27.6,24.82
33.07349,88.16%,3.265901,-140.0752,-108.1313,850,28.36,28.15,27.68,24.82
33.46259,88.02%,3.265841,-140.0778,-109.4021,860,28.28,28.12,27.61,24.79
33.8517,87.88%,3.265758,-140.077,-110.6728,870,28.2,28.07,27.61,24.87
34.2408,87.74%,3.265659,-140.0743,-111.9435,880,28.22,28.04,27.66,24.84
34.6299,87.60%,3.265586,-140.0748,-113.2142,890,28.31,28.14,27.68,24.86
35.019,87.47%,3.265503,-140.0755,-114.4848,900,28.38,28.14,27.65,24.83
35.4081,87.33%,3.265414,-140.0764,-115.7554,910,28.29,28.15,27.68,24.84
35.7972,87.19%,3.265335,-140.0764,-117.026,920,28.29,28.1,27.68,24.86
36.18631,87.05%,3.265239,-140.0791,-118.2965,930,28.35,28.18,27.68,24.9
36.57541,86.91%,3.26514,-140.0777,-119.567,940,28.36,28.21,27.68,24.86
36.96451,86.77%,3.265064,-140.0791,-120.8374,950,28.36,28.15,27.72,24.91
37.35361,86.63%,3.264972,-140.0787,-122.1079,960,28.34,28.21,27.7,24.88
37.74271,86.49%,3.264873,-140.078,-123.3783,970,28.41,28.17,27.72,24.94
38.13182,86.35%,3.2648,-140.0759,-124.6486,980,28.4,28.17,27.64,24.98
38.52092,86.21%,3.26472,-140.0732,-125.9189,990,28.4,28.15,27.74,24.99
38.91002,86.07%,3.264644,-140.0748,-127.1892,1000,28.48,28.28,27.75,25.04
39.29912,85.93%,3.264539,-140.0718,-128.4595,1010,28.53,28.24,27.75,25.03
39.68822,85.79%,3.264437,-140.075,-129.7297,1020,28.37,28.29,27.76,25.03
40.07732,85.65%,3.26436,-140.0752,-130.9999,1030,28.51,28.32,27.81,25.07
40.46642,85.52%,3.264233,-140.078,-132.27,1040,28.43,28.22,27.82,25.07
40.85552,85.38%,3.264166,-140.075,-133.5401,1050,28.4,28.25,27.67,25.03
41.24463,85.24%,3.26408,-140.0704,-134.8102,1060,28.4,28.31,27.8,24.92
41.63372,85.10%,3.263956,-140.08,-136.0802,1070,28.52,28.26,27.84,24.98
42.02283,84.96%,3.263873,-140.0752,-137.3502,1080,28.4,28.31,27.76,24.98
42.41193,84.82%,3.263775,-140.0761,-138.6202,1090,28.46,28.26,27.75,24.93
42.80103,84.68%,3.263663,-140.075,-139.8901,1100,28.39,28.23,27.78,24.94
43.19013,84.54%,3.263565,-140.0789,-141.16,1110,28.48,28.26,27.79,24.89
43.57924,84.40%,3.263463,-140.0773,-142.4298,1120,28.35,28.34,27.72,24.91
43.96834,84.26%,3.263371,-140.0752,-143.6996,1130,28.51,28.31,27.82,24.87
44.35744,84.12%,3.263278,-140.0764,-144.9694,1140,28.47,28.32,27.78,24.96
44.74654,83.98%,3.263195,-140.0803,-146.2391,1150,28.51,28.3,27.76,24.87
45.13564,83.84%,3.263065,-140.0793,-147.5088,1160,28.47,28.29,27.79,24.98
45.52475,83.70%,3.262956,-140.0771,-148.7785,1170,28.48,28.37,27.8,24.98
45.91385,83.57%,3.262855,-140.0787,-150.0481,1180,28.51,28.32,27.82,25.04
46.30295,83.43%,3.262734,-140.0764,-151.3176,1190,28.49,28.23,27.77,24.88
46.69205,83.29%,3.262638,-140.081,-152.5871,1200,28.5,28.25,27.76,24.92
47.08116,83.15%,3.262533,-140.0745,-153.8566,1210,28.4,28.29,27.74,24.84
47.47026,83.01%,3.262409,-140.0801,-155.1261,1220,28.38,28.31,27.74,24.83
47.85937,82.87%,3.262285,-140.0833,-156.3954,1230,28.49,28.26,27.77,24.78
48.24847,82.73%,3.26217,-140.0807,-157.6648,1240,28.44,28.23,27.68,24.74
48.63758,82.59%,3.262049,-140.0784,-158.9341,1250,28.44,28.26,27.78,24.84
49.02668,82.45%,3.26196,-140.0722,-160.2034,1260,28.54,28.29,27.78,24.83
49.41579,82.31%,3.261839,-140.0775,-161.4726,1270,28.43,28.26,27.82,24.92
49.80489,82.17%,3.26174,-140.08,-162.7418,1280,28.5,28.29,27.78,24.84
50.19399,82.03%,3.261645,-140.0741,-164.0109,1290,28.42,28.38,27.78,24.94
50.5831,81.89%,3.261521,-140.0752,-165.28,1300,28.52,28.34,27.86,24.88
50.9722,81.75%,3.26139,-140.0764,-166.549,1310,28.46,28.28,27.9,24.92
51.3613,81.62%,3.261253,-140.0786,-167.818,1320,28.48,28.22,27.83,25.02
51.75041,81.48%,3.261136,-140.0773,-169.087,1330,28.49,28.25,27.75,24.94
52.13951,81.34%,3.26104,-140.08,-170.3559,1340,28.52,28.23,27.75,24.97
52.52861,81.20%,3.260935,-140.0729,-171.6247,1350,28.42,28.4,27.83,24.95
52.91772,81.06%,3.260795,-140.0821,-172.8936,1360,28.46,28.29,27.75,24.83
53.30682,80.92%,3.26069,-140.0715,-174.1623,1370,28.49,28.41,27.82,24.9
53.69592,80.78%,3.260572,-140.078,-175.431,1380,28.5,28.29,27.84,24.88
54.08503,80.64%,3.260426,-140.0766,-176.6997,1390,28.58,28.27,27.79,24.84
54.47413,80.50%,3.260314,-140.0745,-177.9683,1400,28.43,28.25,27.78,24.8
54.86323,80.36%,3.260193,-140.0791,-179.2369,1410,28.55,28.31,27.86,24.9
55.25234,80.22%,3.260037,-140.0782,-180.5054,1420,28.51,28.34,27.89,24.91
55.64144,80.08%,3.259923,-140.0789,-181.7739,1430,28.56,28.44,27.75,24.88
56.03055,79.94%,3.259808,-140.0748,-183.0423,1440,28.48,28.39,27.79,24.94
56.41965,79.80%,3.259658,-140.0764,-184.3107,1450,28.47,28.45,27.78,24.87
56.80875,79.67%,3.25956,-140.0766,-185.579,1460,28.52,28.41,27.88,24.89
57.19785,79.53%,3.259426,-140.0748,-186.8473,1470,28.42,28.32,27.76,24.93
57.58696,79.39%,3.259283,-140.0722,-188.1155,1480,28.42,28.29,27.81,24.88
57.97606,79.25%,3.259117,-140.0757,-189.3836,1490,28.54,28.25,27.79,24.81
58.36516,79.11%,3.25899,-140.0798,-190.6517,1500,28.49,28.37,27.79,24.85
58.75426,78.97%,3.258847,-140.0718,-191.9198,1510,28.56,28.29,27.84,24.86
59.14336,78.83%,3.258729,-140.0771,-193.1878,1520,28.54,28.3,27.84,24.81
59.53247,78.69%,3.258576,-140.0789,-194.4557,1530,28.46,28.37,27.96,24.81
59.92157,78.55%,3.258423,-140.0777,-195.7236,1540,28.54,28.38,27.87,24.86
60.31067,78.41%,3.258257,-140.075,-196.9915,1550,28.51,28.3,27.84,24.9
60.69977,78.27%,3.25813,-140.0757,-198.2592,1560,28.54,28.4,27.88,24.95
61.08887,78.13%,3.257997,-140.0752,-199.5269,1570,28.55,28.37,27.92,24.9
61.47797,77.99%,3.257847,-140.0748,-200.7946,1580,28.57,28.4,27.87,25.02
61.86708,77.85%,3.2577,-140.0803,-202.0622,1590,28.57,28.34,27.92,24.87
62.25618,77.72%,3.257544,-140.0793,-203.3298,1600,28.51,28.35,27.85,24.9
62.64528,77.58%,3.257414,-140.0711,-204.5973,1610,28.54,28.29,27.92,24.97
63.03438,77.44%,3.257258,-140.0761,-205.8647,1620,28.52,28.41,27.83,24.97
63.42348,77.30%,3.257105,-140.0787,-207.132,1630,28.56,28.37,27.87,24.88
63.81258,77.16%,3.256962,-140.0773,-208.3994,1640,28.58,28.38,27.86,24.86
64.20168,77.02%,3.256787,-140.0729,-209.6666,1650,28.54,28.28,27.87,24.82
64.59078,76.88%,3.256644,-140.0741,-210.9338,1660,28.54,28.28,27.88,24.79
64.97988,76.74%,3.256475,-140.08,-212.2009,1670,28.55,28.32,27.85,24.89
65.36898,76.60%,3.256319,-140.0805,-213.468,1680,28.58,28.37,27.92,24.8
65.75808,76.46%,3.256176,-140.0734,-214.735,1690,28.46,28.37,27.89,24.84
66.14718,76.32%,3.255956,-140.0796,-216.0019,1700,28.55,28.36,27.88,24.86
66.53628,76.18%,3.255822,-140.0775,-217.2688,1710,28.62,28.37,27.86,24.91
66.92538,76.04%,3.255672,-140.0782,-218.5356,1720,28.65,28.35,27.92,24.96
67.31448,75.90%,3.255504,-140.0713,-219.8024,1730,28.59,28.45,27.86,24.95
67.70358,75.77%,3.255329,-140.0777,-221.0691,1740,28.58,28.35,27.89,24.88
68.09268,75.63%,3.255163,-140.0734,-222.3357,1750,28.63,28.36,27.89,24.88
68.48178,75.49%,3.25501,-140.0741,-223.6022,1760,28.64,28.45,27.96,24.92
68.87089,75.35%,3.25481,-140.0777,-224.8687,1770,28.61,28.42,27.87,24.94
69.25999,75.21%,3.254628,-140.0752,-226.1351,1780,28.64,28.43,27.94,25
69.64909,75.07%,3.254482,-140.0782,-227.4015,1790,28.62,28.39,27.94,24.98
70.03819,74.93%,3.254297,-140.0777,-228.6678,1800,28.61,28.34,28.01,25.03
70.42729,74.79%,3.254122,-140.0743,-229.934,1810,28.73,28.4,28.02,24.95
70.81639,74.65%,3.253941,-140.0761,-231.2002,1820,28.61,28.42,27.98,25.12
71.20549,74.51%,3.253756,-140.0814,-232.4662,1830,28.65,28.47,28,24.96
71.5946,74.37%,3.253574,-140.078,-233.7322,1840,28.63,28.42,27.97,25.03
71.9837,74.23%,3.253396,-140.0768,-234.9982,1850,28.59,28.47,27.93,25.03
72.3728,74.09%,3.253208,-140.0784,-236.264,1860,28.74,28.44,28.04,24.91
72.76189,73.96%,3.253021,-140.0789,-237.5298,1870,28.7,28.44,28,24.9
73.15099,73.82%,3.252836,-140.0791,-238.7955,1880,28.65,28.44,27.95,25
73.5401,73.68%,3.252645,-140.0736,-240.0612,1890,28.63,28.47,27.96,24.86
73.9292,73.54%,3.252435,-140.0764,-241.3267,1900,28.63,28.45,27.95,24.87
74.3183,73.40%,3.252247,-140.0768,-242.5922,1910,28.59,28.39,27.93,24.97
74.70741,73.26%,3.252065,-140.0777,-243.8577,1920,28.61,28.46,27.98,25.07
75.0965,73.12%,3.251878,-140.0784,-245.123,1930,28.72,28.47,28.03,25
75.4856,72.98%,3.251687,-140.075,-246.3883,1940,28.73,28.45,28.01,24.98
75.8747,72.84%,3.251496,-140.0764,-247.6535,1950,28.64,28.49,27.98,24.94
76.26381,72.70%,3.251292,-140.0759,-248.9186,1960,28.67,28.51,27.98,24.96
76.65291,72.56%,3.251091,-140.0741,-250.1836,1970,28.74,28.53,28.11,24.94
77.04201,72.42%,3.250897,-140.0778,-251.4486,1980,28.65,28.53,28,24.89
77.43111,72.28%,3.250671,-140.0755,-252.7135,1990,28.7,28.44,28,24.81
77.82021,72.14%,3.250474,-140.0784,-253.9783,2000,28.68,28.5,28.01,24.92
78.20932,72.01%,3.25027,-140.0757,-255.243,2010,28.62,28.43,28.04,24.94
78.59842,71.87%,3.25006,-140.0787,-256.5077,2020,28.65,28.44,27.98,24.96
78.98752,71.73%,3.249859,-140.078,-257.7722,2030,28.72,28.42,28.1,25
79.37663,71.59%,3.249649,-140.0764,-259.0367,2040,28.7,28.49,28.01,25.01
79.76572,71.45%,3.249449,-140.08,-260.3011,2050,28.69,28.53,28,24.99
80.15483,71.31%,3.249226,-140.0771,-261.5655,2060,28.6,28.55,27.97,25
80.54394,71.17%,3.249035,-140.0787,-262.8297,2070,28.72,28.49,28.03,24.81
80.93304,71.03%,3.248825,-140.0761,-264.0939,2080,28.61,28.48,28.04,24.94
81.32214,70.89%,3.248583,-140.0798,-265.358,2090,28.69,28.53,28.09,24.88
81.71125,70.75%,3.248382,-140.0739,-266.622,2100,28.65,28.45,28.06,24.85
82.10035,70.61%,3.248163,-140.08,-267.8859,2110,28.71,28.52,28.1,24.81
82.48946,70.47%,3.247949,-140.0794,-269.1497,2120,28.67,28.5,28.03,24.82
82.87856,70.33%,3.247723,-140.0759,-270.4135,2130,28.65,28.45,28.05,24.86
83.26767,70.19%,3.247513,-140.0789,-271.6772,2140,28.77,28.54,28.03,24.98
83.65678,70.06%,3.247316,-140.0745,-272.9407,2150,28.82,28.5,28.1,25
84.04588,69.92%,3.247083,-140.0773,-274.2043,2160,28.78,28.55,28,25.03
84.43499,69.78%,3.24687,-140.0755,-275.4677,2170,28.77,28.54,28.07,25.05
84.8241,69.64%,3.246641,-140.0766,-276.731,2180,28.71,28.51,28.04,25.04
85.2132,69.50%,3.24644,-140.0805,-277.9942,2190,28.69,28.59,28.07,25.03
85.6023,69.36%,3.246236,-140.0789,-279.2574,2200,28.74,28.51,28.08,25.01
85.99141,69.22%,3.246029,-140.0775,-280.5205,2210,28.74,28.5,28.12,25.04
86.38052,69.08%,3.2458,-140.0821,-281.7835,2220,28.8,28.54,28.1,24.92
86.76962,68.94%,3.245574,-140.0757,-283.0464,2230,28.79,28.51,28.16,24.92
87.15872,68.80%,3.245364,-140.0757,-284.3092,2240,28.68,28.52,28.08,24.98
87.54783,68.66%,3.245112,-140.0766,-285.572,2250,28.76,28.47,28.06,24.85
87.93693,68.52%,3.244909,-140.0755,-286.8346,2260,28.75,28.56,28.04,25.02
88.32603,68.38%,3.24466,-140.0736,-288.0971,2270,28.79,28.45,28.12,24.91
88.71513,68.24%,3.244463,-140.0833,-289.3596,2280,28.77,28.51,28.09,24.92
89.10424,68.11%,3.24425,-140.0766,-290.622,2290,28.89,28.5,28.11,24.93
89.49335,67.97%,3.244001,-140.0778,-291.8843,2300,28.77,28.41,28.08,24.93
89.88245,67.83%,3.243772,-140.0778,-293.1465,2310,28.69,28.51,28.15,24.87
90.27155,67.69%,3.243565,-140.0739,-294.4087,2320,28.76,28.48,28.08,24.87
90.66066,67.55%,3.243345,-140.0787,-295.6707,2330,28.76,28.52,28.02,24.94
91.04976,67.41%,3.243142,-140.0741,-296.9326,2340,28.75,28.62,28.14,24.92
91.43887,67.27%,3.242916,-140.0757,-298.1945,2350,28.82,28.53,28.14,24.84
91.82797,67.13%,3.242718,-140.0773,-299.4563,2360,28.73,28.51,28.07,24.8
92.21707,66.99%,3.242496,-140.0713,-300.718,2370,28.72,28.5,28.15,24.8
92.60618,66.85%,3.242279,-140.0764,-301.9796,2380,28.73,28.48,28.09,24.68
92.99528,66.71%,3.242063,-140.0757,-303.2412,2390,28.69,28.52,28.05,24.81
93.38438,66.57%,3.241868,-140.0743,-304.5026,2400,28.77,28.44,28.07,24.73
93.77348,66.43%,3.241652,-140.0775,-305.764,2410,28.73,28.51,28.13,24.79
94.16258,66.29%,3.241467,-140.0741,-307.0253,2420,28.74,28.49,27.97,24.8
94.55169,66.16%,3.241235,-140.0734,-308.2865,2430,28.72,28.45,28.09,24.8
94.94079,66.02%,3.241028,-140.0787,-309.5476,2440,28.62,28.58,28.11,24.76
95.3299,65.88%,3.240789,-140.0755,-310.8087,2450,28.66,28.5,28,24.82
95.719,65.74%,3.240589,-140.0775,-312.0697,2460,28.81,28.48,28.12,24.71
96.1081,65.60%,3.240397,-140.0784,-313.3305,2470,28.79,28.54,28.09,24.74
96.49721,65.46%,3.240191,-140.0782,-314.5914,2480,28.73,28.48,28.03,24.76
96.88631,65.32%,3.240006,-140.0824,-315.8521,2490,28.7,28.47,27.92,24.79
97.27541,65.18%,3.239774,-140.0782,-317.1127,2500,28.69,28.48,28.1,24.81
97.66451,65.04%,3.239567,-140.0768,-318.3733,2510,28.68,28.48,28.06,24.8
98.05362,64.90%,3.239417,-140.0752,-319.6338,2520,28.73,28.52,28.11,24.85
98.44273,64.76%,3.239191,-140.0793,-320.8942,2530,28.74,28.44,28.13,24.82
98.83183,64.62%,3.23899,-140.0833,-322.1546,2540,28.72,28.53,28.04,24.81
99.22093,64.48%,3.238777,-140.0745,-323.4148,2550,28.69,28.5,28.1,24.82
99.61004,64.34%,3.238564,-140.0796,-324.675,2560,28.71,28.52,28.04,24.84
99.99914,64.21%,3.238433,-140.0727,-325.9351,2570,28.75,28.53,28.14,24.86
100.3882,64.07%,3.23822,-140.0766,-327.1952,2580,28.68,28.54,28.09,24.87
100.7773,63.93%,3.238016,-140.0773,-328.4551,2590,28.69,28.42,28.11,24.84
101.1665,63.79%,3.237806,-140.0734,-329.715,2600,28.6,28.44,28.07,24.8
101.5556,63.65%,3.237641,-140.081,-330.9749,2610,28.61,28.44,28.04,24.68
101.9447,63.51%,3.237453,-140.0791,-332.2346,2620,28.7,28.57,28.04,24.81
102.3338,63.37%,3.237278,-140.0791,-333.4943,2630,28.59,28.45,27.95,24.83
102.7229,63.23%,3.237093,-140.0796,-334.7539,2640,28.69,28.54,28.04,24.75
103.112,63.09%,3.23688,-140.0789,-336.0134,2650,28.73,28.49,28.02,24.8
103.5011,62.95%,3.236724,-140.0759,-337.2729,2660,28.68,28.56,28,24.79
103.8902,62.81%,3.236546,-140.0812,-338.5322,2670,28.72,28.56,28,24.83
104.2793,62.67%,3.236345,-140.078,-339.7915,2680,28.76,28.5,28.08,24.91
104.6684,62.53%,3.23617,-140.0743,-341.0508,2690,28.69,28.56,28.09,24.89
105.0575,62.39%,3.236017,-140.0821,-342.31,2700,28.84,28.46,28.07,24.87
105.4466,62.26%,3.235836,-140.0771,-343.5691,2710,28.8,28.51,28.01,24.87
105.8357,62.12%,3.235648,-140.0796,-344.8281,2720,28.74,28.56,28.13,24.87
106.2248,61.98%,3.235469,-140.0796,-346.0871,2730,28.72,28.58,28,24.82
106.6139,61.84%,3.235313,-140.0741,-347.3459,2740,28.72,28.54,28.08,24.84
107.003,61.70%,3.235135,-140.0752,-348.6048,2750,28.7,28.56,28.06,24.88
107.3921,61.56%,3.234989,-140.0805,-349.8636,2760,28.73,28.55,28.08,24.89
107.7812,61.42%,3.234823,-140.0803,-351.1223,2770,28.85,28.59,28.04,24.88
108.1703,61.28%,3.234651,-140.077,-352.3809,2780,28.73,28.49,28.15,24.91
108.5594,61.14%,3.234473,-140.0722,-353.6395,2790,28.73,28.55,28.07,24.91
108.9485,61.00%,3.234311,-140.0752,-354.898,2800,28.71,28.57,28.03,24.91
109.3376,60.86%,3.234136,-140.0814,-356.1565,2810,28.77,28.5,28.01,24.82
109.7267,60.72%,3.234005,-140.075,-357.4149,2820,28.73,28.5,28,24.88
110.1158,60.58%,3.233804,-140.0738,-358.6732,2830,28.67,28.52,28.06,24.86
110.5049,60.45%,3.233671,-140.0764,-359.9314,2840,28.67,28.41,28.11,24.82
110.894,60.31%,3.233502,-140.0752,-361.1896,2850,28.77,28.45,28.02,24.86
111.2831,60.17%,3.233343,-140.0748,-362.4478,2860,28.62,28.45,27.98,24.96
111.6722,60.03%,3.233184,-140.0761,-363.7058,2870,28.69,28.38,28.02,24.89
112.0613,59.89%,3.233005,-140.072,-364.9638,2880,28.7,28.38,28,24.83
112.4504,59.75%,3.232859,-140.0752,-366.2218,2890,28.61,28.47,28.02,24.92
112.8395,59.61%,3.232709,-140.078,-367.4796,2900,28.67,28.45,28.11,24.96
113.2286,59.47%,3.232572,-140.0759,-368.7375,2910,28.86,28.43,28.13,24.91
113.6177,59.33%,3.232416,-140.0718,-369.9952,2920,28.78,28.46,27.97,24.94
114.0069,59.19%,3.232248,-140.0784,-371.253,2930,28.75,28.46,28.02,24.91
114.396,59.05%,3.232101,-140.0761,-372.5106,2940,28.69,28.44,28.02,24.83
114.785,58.91%,3.231945,-140.0771,-373.7682,2950,28.79,28.55,28.03,24.96
115.1742,58.77%,3.231783,-140.0773,-375.0257,2960,28.71,28.52,28.05,24.91
115.5633,58.63%,3.231643,-140.0803,-376.2832,2970,28.7,28.49,28.03,24.94
115.9524,58.50%,3.231503,-140.0764,-377.5406,2980,28.71,28.5,27.94,24.88
116.3415,58.36%,3.23135,-140.0752,-378.798,2990,28.78,28.51,27.96,24.92
116.7306,58.22%,3.231203,-140.0755,-380.0553,3000,28.8,28.49,28.03,24.97
117.1197,58.08%,3.23106,-140.0782,-381.3125,3010,28.64,28.43,28,24.89
117.5088,57.94%,3.230885,-140.0743,-382.5697,3020,28.61,28.44,28.04,24.92
117.8979,57.80%,3.230742,-140.0743,-383.8268,3030,28.62,28.46,27.99,24.93
118.287,57.66%,3.230611,-140.0739,-385.0839,3040,28.67,28.46,28.01,24.94
118.6761,57.52%,3.230455,-140.0778,-386.3409,3050,28.71,28.44,27.97,24.96
119.0652,57.38%,3.230287,-140.0782,-387.5978,3060,28.65,28.52,27.88,24.98
119.4543,57.24%,3.230172,-140.0791,-388.8547,3070,28.68,28.52,28,24.89
119.8434,57.10%,3.230022,-140.0732,-390.1115,3080,28.74,28.46,27.96,24.98
120.2325,56.96%,3.229879,-140.0784,-391.3683,3090,28.79,28.49,27.97,24.91
120.6216,56.82%,3.229707,-140.0764,-392.6251,3100,28.78,28.46,27.98,24.87
121.0107,56.68%,3.229573,-140.0816,-393.8817,3110,28.76,28.41,27.98,24.89
121.3998,56.55%,3.229443,-140.0814,-395.1383,3120,28.71,28.52,27.91,24.96
121.7889,56.41%,3.229293,-140.0741,-396.3949,3130,28.71,28.53,27.98,24.98
122.178,56.27%,3.229172,-140.0789,-397.6514,3140,28.73,28.47,27.95,24.93
122.5671,56.13%,3.22901,-140.0741,-398.9078,3150,28.76,28.46,27.96,24.94
122.9562,55.99%,3.228851,-140.0778,-400.1642,3160,28.78,28.45,27.89,24.95
123.3453,55.85%,3.228711,-140.0791,-401.4206,3170,28.73,28.44,27.89,24.96
123.7344,55.71%,3.228586,-140.0757,-402.6768,3180,28.76,28.42,27.98,25
124.1235,55.57%,3.228443,-140.0715,-403.933,3190,28.67,28.49,27.87,25.01
124.5126,55.43%,3.228303,-140.0807,-405.1892,3200,28.61,28.52,27.99,24.92
124.9017,55.29%,3.228166,-140.0766,-406.4453,3210,28.74,28.5,27.88,25.01
125.2908,55.15%,3.227985,-140.0777,-407.7014,3220,28.76,28.44,27.96,24.94
125.6799,55.01%,3.227851,-140.0757,-408.9574,3230,28.75,28.42,27.92,25.05
126.069,54.87%,3.227727,-140.0745,-410.2133,3240,28.62,28.45,27.88,25.04
126.4581,54.73%,3.227568,-140.0746,-411.4692,3250,28.59,28.43,27.84,24.96
126.8473,54.60%,3.22745,-140.08,-412.7251,3260,28.62,28.43,27.94,24.97
127.2364,54.46%,3.227297,-140.077,-413.9808,3270,28.64,28.41,27.91,24.92
127.6255,54.32%,3.22718,-140.0741,-415.2365,3280,28.63,28.37,27.89,24.93
128.0146,54.18%,3.227033,-140.0741,-416.4922,3290,28.55,28.47,27.87,24.97
128.4037,54.04%,3.226867,-140.0764,-417.7478,3300,28.72,28.49,27.93,24.87
128.7928,53.90%,3.226762,-140.0736,-419.0034,3310,28.67,28.46,27.88,25.03
129.1819,53.76%,3.226609,-140.0736,-420.2589,3320,28.56,28.48,27.89,24.97
129.571,53.62%,3.226457,-140.0764,-421.5143,3330,28.68,28.38,27.78,25
129.9601,53.48%,3.226291,-140.0787,-422.7697,3340,28.66,28.51,27.8,24.95
130.3492,53.34%,3.226202,-140.0759,-424.0251,3350,28.58,28.45,27.84,24.93
130.7383,53.20%,3.226027,-140.0745,-425.2803,3360,28.62,28.44,27.87,24.87
131.1273,53.06%,3.225893,-140.0791,-426.5356,3370,28.59,28.33,27.74,24.77
131.5164,52.92%,3.225712,-140.0692,-427.7907,3380,28.61,28.39,27.74,24.79
131.9055,52.78%,3.225585,-140.075,-429.0458,3390,28.62,28.33,27.72,24.74
132.2946,52.65%,3.225466,-140.0759,-430.3008,3400,28.6,28.39,27.75,24.74
132.6838,52.51%,3.225298,-140.0791,-431.5558,3410,28.57,28.34,27.77,24.77
133.0729,52.37%,3.225167,-140.0748,-432.8108,3420,28.58,28.31,27.79,24.78
133.462,52.23%,3.225018,-140.0784,-434.0657,3430,28.56,28.28,27.76,24.78
133.8511,52.09%,3.224862,-140.0782,-435.3205,3440,28.56,28.35,27.8,24.89
134.2402,51.95%,3.224738,-140.0745,-436.5753,3450,28.58,28.3,27.71,24.85
134.6293,51.81%,3.224604,-140.0796,-437.83,3460,28.62,28.29,27.7,24.86
135.0184,51.67%,3.224435,-140.0727,-439.0847,3470,28.63,28.38,27.72,24.89
135.4075,51.53%,3.22426,-140.0773,-440.3393,3480,28.61,28.38,27.72,24.89
135.7966,51.39%,3.224113,-140.0766,-441.5938,3490,28.62,28.35,27.76,24.9
136.1857,51.25%,3.223989,-140.0725,-442.8483,3500,28.63,28.51,27.71,24.93
136.5748,51.11%,3.223837,-140.0731,-444.1028,3510,28.59,28.4,27.8,24.89
136.9639,50.97%,3.223681,-140.0798,-445.3571,3520,28.55,28.34,27.76,24.93
137.353,50.83%,3.223566,-140.0766,-446.6115,3530,28.59,28.33,27.73,24.86
137.7421,50.70%,3.223407,-140.0766,-447.8658,3540,28.62,28.41,27.71,24.87
138.1312,50.56%,3.223286,-140.0819,-449.12,3550,28.54,28.39,27.72,24.87
138.5203,50.42%,3.223114,-140.0741,-450.3741,3560,28.55,28.37,27.7,24.8
138.9094,50.28%,3.222974,-140.0736,-451.6282,3570,28.6,28.4,27.7,24.86
139.2985,50.14%,3.222821,-140.0768,-452.8823,3580,28.59,28.35,27.65,24.81
139.6876,50.00%,3.222684,-140.0725,-454.1363,3590,28.54,28.4,27.73,24.81
140.0767,49.86%,3.222538,-140.0819,-455.3902,3600,28.6,28.31,27.66,24.76
140.4658,49.72%,3.222391,-140.078,-456.6441,3610,28.57,28.29,27.64,24.78
140.8549,49.58%,3.222242,-140.0766,-457.8979,3620,28.49,28.38,27.68,24.9
141.244,49.44%,3.222086,-140.0752,-459.1516,3630,28.51,28.36,27.67,24.86
141.6331,49.30%,3.221933,-140.0805,-460.4053,3640,28.6,28.26,27.63,24.91
142.0222,49.16%,3.221793,-140.0764,-461.659,3650,28.51,28.31,27.64,24.89
142.4113,49.02%,3.22164,-140.0775,-462.9126,3660,28.59,28.28,27.64,24.96
142.8005,48.88%,3.22149,-140.0782,-464.1661,3670,28.55,28.33,27.69,24.86
143.1896,48.75%,3.221331,-140.0771,-465.4196,3680,28.46,28.29,27.67,24.94
143.5787,48.61%,3.221175,-140.0807,-466.6729,3690,28.41,28.32,27.63,24.9
143.9678,48.47%,3.221038,-140.0752,-467.9263,3700,28.52,28.28,27.61,24.89
144.3569,48.33%,3.220882,-140.0777,-469.1796,3710,28.49,28.26,27.64,24.87
144.746,48.19%,3.22072,-140.0761,-470.4328,3720,28.57,28.39,27.66,24.85
145.1351,48.05%,3.22058,-140.0766,-471.6859,3730,28.49,28.29,27.64,24.79
145.5242,47.91%,3.220427,-140.0757,-472.939,3740,28.56,28.27,27.56,24.84
145.9133,47.77%,3.220268,-140.0718,-474.1921,3750,28.6,28.3,27.59,24.85
146.3024,47.63%,3.220099,-140.0787,-475.4451,3760,28.54,28.3,27.63,24.82
146.6915,47.49%,3.219956,-140.0729,-476.698,3770,28.52,28.24,27.6,24.89
147.0806,47.35%,3.219771,-140.0755,-477.9508,3780,28.48,28.29,27.61,24.94
147.4697,47.21%,3.219637,-140.0796,-479.2036,3790,28.53,28.31,27.63,24.92
147.8588,47.07%,3.219485,-140.0741,-480.4564,3800,28.45,28.31,27.51,24.87
148.2479,46.94%,3.21931,-140.0729,-481.7091,3810,28.49,28.31,27.6,24.98
148.637,46.80%,3.219192,-140.0734,-482.9617,3820,28.49,28.25,27.59,24.91
149.0261,46.66%,3.219004,-140.078,-484.2142,3830,28.62,28.2,27.61,24.83
149.4152,46.52%,3.218861,-140.0754,-485.4667,3840,28.62,28.38,27.51,24.91
149.8043,46.38%,3.218692,-140.0745,-486.7192,3850,28.53,28.31,27.51,24.8
150.1934,46.24%,3.218552,-140.0764,-487.9716,3860,28.5,28.27,27.54,24.84
150.5825,46.10%,3.21838,-140.0766,-489.2239,3870,28.52,28.22,27.52,24.88
150.9716,45.96%,3.218221,-140.0759,-490.4761,3880,28.53,28.28,27.58,24.92
151.3607,45.82%,3.218061,-140.0766,-491.7283,3890,28.55,28.26,27.53,24.89
151.7498,45.68%,3.217906,-140.0809,-492.9804,3900,28.5,28.29,27.48,24.92
152.1389,45.54%,3.217743,-140.0805,-494.2325,3910,28.54,28.29,27.56,25.01
152.528,45.40%,3.217584,-140.075,-495.4845,3920,28.51,28.43,27.52,25.04
152.9171,45.26%,3.217425,-140.0775,-496.7365,3930,28.49,28.34,27.52,25
153.3062,45.12%,3.217247,-140.0766,-497.9883,3940,28.55,28.31,27.51,25
153.6953,44.99%,3.217094,-140.0791,-499.2401,3950,28.49,28.28,27.5,24.95
154.0844,44.85%,3.216925,-140.0757,-500.4919,3960,28.56,28.23,27.59,24.93
154.4735,44.71%,3.216782,-140.0791,-501.7436,3970,28.46,28.27,27.53,24.92
154.8626,44.57%,3.216581,-140.0803,-502.9952,3980,28.46,28.28,27.56,24.89
155.2518,44.43%,3.216457,-140.075,-504.2468,3990,28.48,28.19,27.54,24.87
155.6409,44.29%,3.216295,-140.0809,-505.4983,4000,28.57,28.23,27.49,24.89
156.03,44.15%,3.21611,-140.0791,-506.7497,4010,28.5,28.25,27.53,24.85
156.4191,44.01%,3.215945,-140.0738,-508.0011,4020,28.49,28.32,27.43,24.89
156.8082,43.87%,3.215782,-140.0727,-509.2524,4030,28.54,28.26,27.42,24.91
157.1973,43.73%,3.215594,-140.0777,-510.5037,4040,28.4,28.25,27.58,24.9
157.5864,43.59%,3.215416,-140.0796,-511.7548,4050,28.43,28.16,27.48,24.94
157.9755,43.45%,3.215257,-140.0805,-513.0059,4060,28.53,28.26,27.48,24.89
158.3646,43.31%,3.215094,-140.0793,-514.257,4070,28.55,28.3,27.53,24.95
158.7537,43.17%,3.214891,-140.0782,-515.508,4080,28.48,28.26,27.46,24.99
159.1428,43.04%,3.214738,-140.0796,-516.7589,4090,28.55,28.28,27.53,24.84
159.5319,42.90%,3.214569,-140.078,-518.0098,4100,28.46,28.23,27.44,24.92
159.921,42.76%,3.214426,-140.0793,-519.2606,4110,28.49,28.24,27.45,25.01
160.3101,42.62%,3.214222,-140.0798,-520.5112,4120,28.55,28.3,27.51,24.96
160.6992,42.48%,3.214069,-140.0738,-521.7619,4130,28.42,28.13,27.51,24.99
161.0883,42.34%,3.213901,-140.0787,-523.0125,4140,28.51,28.26,27.41,24.97
161.4774,42.20%,3.213706,-140.0777,-524.263,4150,28.5,28.19,27.47,24.97
161.8665,42.06%,3.213541,-140.0789,-525.5134,4160,28.5,28.34,27.5,24.95
162.2557,41.92%,3.213372,-140.0777,-526.7638,4170,28.5,28.25,27.47,25.01
162.6448,41.78%,3.213191,-140.0768,-528.0141,4180,28.45,28.22,27.45,25.05
163.0339,41.64%,3.213006,-140.0796,-529.2643,4190,28.38,28.18,27.43,24.98
163.423,41.50%,3.212799,-140.0736,-530.5145,4200,28.46,28.23,27.43,25.01
163.8121,41.36%,3.212649,-140.0771,-531.7646,4210,28.36,28.27,27.48,25.01
164.2012,41.22%,3.212446,-140.0789,-533.0146,4220,28.41,28.27,27.48,25.04
164.5903,41.09%,3.212261,-140.0755,-534.2645,4230,28.4,28.32,27.49,25.03
164.9794,40.95%,3.212121,-140.078,-535.5144,4240,28.45,28.23,27.56,24.97
165.3685,40.81%,3.211876,-140.078,-536.7642,4250,28.39,28.26,27.47,24.91
165.7576,40.67%,3.211704,-140.0787,-538.0139,4260,28.44,28.18,27.41,24.83
166.1467,40.53%,3.211545,-140.0775,-539.2635,4270,28.44,28.26,27.5,24.81
166.5358,40.39%,3.211338,-140.0722,-540.5131,4280,28.32,28.14,27.48,24.77
166.9249,40.25%,3.211144,-140.0738,-541.7626,4290,28.5,28.16,27.43,24.79
167.314,40.11%,3.210988,-140.0782,-543.0121,4300,28.46,28.19,27.39,24.74
167.7031,39.97%,3.210752,-140.0782,-544.2614,4310,28.43,28.17,27.35,24.81
168.0922,39.83%,3.210612,-140.0768,-545.5107,4320,28.39,28.1,27.35,24.75
168.4813,39.69%,3.210383,-140.0803,-546.7599,4330,28.43,28.21,27.4,24.74
168.8704,39.55%,3.210208,-140.0771,-548.009,4340,28.4,28.2,27.32,24.8
169.2595,39.41%,3.209982,-140.0764,-549.2581,4350,28.4,28.18,27.37,24.8
169.6486,39.27%,3.2098,-140.0775,-550.5071,4360,28.39,28.16,27.38,24.82
170.0377,39.14%,3.209596,-140.0791,-551.756,4370,28.42,28.11,27.31,24.89
170.4268,39.00%,3.209402,-140.0766,-553.0048,4380,28.47,28.23,27.39,24.84
170.8159,38.86%,3.209198,-140.0745,-554.2535,4390,28.38,28.24,27.35,24.84
171.205,38.72%,3.208998,-140.0768,-555.5023,4400,28.4,28.14,27.37,24.8
171.5941,38.58%,3.208823,-140.0766,-556.7508,4410,28.41,28.19,27.37,24.83
171.9832,38.44%,3.208578,-140.0823,-557.9993,4420,28.4,28.15,27.34,24.84
172.3723,38.30%,3.208409,-140.0764,-559.2477,4430,28.39,28.18,27.48,24.88
172.7614,38.16%,3.208192,-140.0748,-560.4961,4440,28.27,28.22,27.4,24.89
173.1505,38.02%,3.207976,-140.0768,-561.7444,4450,28.38,28.13,27.36,24.83
173.5396,37.88%,3.207747,-140.0782,-562.9926,4460,28.4,28.12,27.34,24.82
173.9287,37.74%,3.207553,-140.0782,-564.2407,4470,28.4,28.19,27.42,24.91
174.3178,37.60%,3.207381,-140.0789,-565.4887,4480,28.39,28.17,27.36,24.92
174.7069,37.46%,3.207155,-140.0766,-566.7366,4490,28.44,28.17,27.38,24.89
175.096,37.32%,3.206935,-140.0768,-567.9845,4500,28.48,28.12,27.37,24.95
175.4851,37.19%,3.206725,-140.0752,-569.2322,4510,28.45,28.16,27.42,24.94
175.8742,37.05%,3.206467,-140.0805,-570.48,4520,28.37,28.14,27.4,24.98
176.2633,36.91%,3.20626,-140.0814,-571.7276,4530,28.43,28.12,27.37,24.9
176.6524,36.77%,3.206053,-140.0748,-572.9751,4540,28.39,28.08,27.41,24.97
177.0415,36.63%,3.205849,-140.0764,-574.2225,4550,28.38,28.14,27.38,25.05
177.4306,36.49%,3.205617,-140.0784,-575.4699,4560,28.39,28.23,27.37,24.97
177.8197,36.35%,3.205378,-140.0814,-576.7172,4570,28.45,28.23,27.41,24.93
178.2088,36.21%,3.205178,-140.0784,-577.9644,4580,28.37,28.13,27.46,24.91
178.5979,36.07%,3.204948,-140.0734,-579.2114,4590,28.34,28.16,27.34,24.88
178.987,35.93%,3.204703,-140.0748,-580.4584,4600,28.45,28.27,27.4,24.96
179.3761,35.79%,3.204525,-140.0766,-581.7054,4610,28.42,28.16,27.45,24.87
179.7652,35.65%,3.204286,-140.0715,-582.9522,4620,28.41,28.11,27.36,24.98
180.1543,35.51%,3.204041,-140.0787,-584.199,4630,28.43,28.15,27.38,24.94
180.5434,35.37%,3.203802,-140.0775,-585.4456,4640,28.43,28.18,27.47,24.96
180.9326,35.24%,3.203589,-140.0778,-586.6921,4650,28.43,28.19,27.42,24.88
181.3217,35.10%,3.203318,-140.0748,-587.9386,4660,28.38,28.17,27.48,24.92
181.7108,34.96%,3.203095,-140.0761,-589.185,4670,28.47,28.17,27.43,24.91
182.0999,34.82%,3.20286,-140.0823,-590.4313,4680,28.45,28.2,27.34,24.91
182.489,34.68%,3.202599,-140.0757,-591.6775,4690,28.36,28.18,27.39,24.88
182.8781,34.54%,3.202373,-140.0789,-592.9236,4700,28.37,28.18,27.44,24.93
183.2672,34.40%,3.202105,-140.0784,-594.1696,4710,28.34,28.18,27.44,24.9
183.6563,34.26%,3.20187,-140.0755,-595.4155,4720,28.37,28.14,27.38,24.79
184.0454,34.12%,3.201625,-140.0807,-596.6613,4730,28.34,28.16,27.43,24.9
184.4345,33.98%,3.201376,-140.0796,-597.907,4740,28.41,28.21,27.41,24.92
184.8236,33.84%,3.201118,-140.0782,-599.1526,4750,28.43,28.09,27.47,24.82
185.2127,33.70%,3.200889,-140.078,-600.3982,4760,28.46,28.15,27.41,24.81
185.6018,33.56%,3.200654,-140.0738,-601.6436,4770,28.34,28.23,27.38,24.88
185.9909,33.43%,3.200377,-140.0773,-602.8889,4780,28.41,28.22,27.45,24.88
186.38,33.29%,3.200138,-140.078,-604.1342,4790,28.36,28.14,27.5,24.84
186.7691,33.15%,3.199861,-140.0752,-605.3793,4800,28.39,28.19,27.37,24.89
187.1582,33.01%,3.1996,-140.0761,-606.6243,4810,28.48,28.22,27.41,24.95
187.5473,32.87%,3.199364,-140.0752,-607.8693,4820,28.39,28.11,27.4,24.97
187.9364,32.73%,3.199087,-140.0736,-609.1141,4830,28.39,28.32,27.45,25.04
188.3255,32.59%,3.198826,-140.0814,-610.3588,4840,28.43,28.35,27.44,25.03
188.7146,32.45%,3.198559,-140.0771,-611.6035,4850,28.49,28.22,27.52,25.03
189.1037,32.31%,3.198308,-140.0773,-612.848,4860,28.44,28.18,27.47,25.09
189.4928,32.17%,3.19804,-140.0782,-614.0923,4870,28.44,28.22,27.49,25.08
189.8819,32.03%,3.19775,-140.0766,-615.3367,4880,28.51,28.31,27.58,24.95
190.271,31.89%,3.197499,-140.078,-616.5809,4890,28.5,28.26,27.48,25.05
190.6601,31.75%,3.197241,-140.0745,-617.825,4900,28.48,28.26,27.55,25.03
191.0492,31.61%,3.196935,-140.075,-619.069,4910,28.5,28.26,27.47,25.05
191.4383,31.48%,3.196668,-140.0761,-620.3128,4920,28.51,28.29,27.54,25.07
191.8274,31.34%,3.196404,-140.0715,-621.5566,4930,28.51,28.25,27.65,25.04
192.2165,31.20%,3.196101,-140.0794,-622.8003,4940,28.45,28.25,27.52,25
192.6056,31.06%,3.195862,-140.0789,-624.0438,4950,28.47,28.23,27.52,25.02
192.9947,30.92%,3.195579,-140.0768,-625.2873,4960,28.58,28.26,27.58,24.98
193.3838,30.78%,3.195286,-140.0754,-626.5306,4970,28.48,28.29,27.52,25.01
193.7729,30.64%,3.194997,-140.0764,-627.7739,4980,28.48,28.25,27.59,24.97
194.162,30.50%,3.194713,-140.0787,-629.017,4990,28.53,28.29,27.59,24.96
194.5511,30.36%,3.194446,-140.075,-630.2599,5000,28.41,28.28,27.52,25.03
194.9402,30.22%,3.194156,-140.075,-631.5029,5010,28.5,28.37,27.55,24.95
195.3293,30.08%,3.193844,-140.0777,-632.7457,5020,28.55,28.29,27.59,24.97
195.7184,29.94%,3.193564,-140.0798,-633.9883,5030,28.55,28.38,27.6,24.89
196.1075,29.80%,3.193284,-140.0745,-635.2309,5040,28.56,28.28,27.55,24.87
196.4966,29.66%,3.192962,-140.0773,-636.4733,5050,28.55,28.23,27.52,24.86
196.8857,29.53%,3.192666,-140.078,-637.7156,5060,28.53,28.3,27.54,24.86
197.2748,29.39%,3.192379,-140.0773,-638.9579,5070,28.5,28.2,27.58,24.83
197.6639,29.25%,3.1921,-140.0738,-640.2,5080,28.58,28.25,27.58,24.82
198.053,29.11%,3.191794,-140.0764,-641.4419,5090,28.44,28.19,27.62,24.72
198.4421,28.97%,3.191485,-140.0761,-642.6838,5100,28.41,28.17,27.6,24.72
198.8312,28.83%,3.191173,-140.078,-643.9255,5110,28.43,28.18,27.58,24.77
199.2203,28.69%,3.190839,-140.0821,-645.1672,5120,28.5,28.28,27.55,24.69
199.6094,28.55%,3.190549,-140.0709,-646.4086,5130,28.62,28.23,27.6,24.77
199.9985,28.41%,3.190237,-140.0754,-647.65,5140,28.48,28.23,27.57,24.83
200.3876,28.27%,3.189947,-140.0759,-648.8913,5150,28.52,28.29,27.68,24.83
200.7767,28.13%,3.189626,-140.0761,-650.1324,5160,28.53,28.21,27.6,24.87
201.1658,27.99%,3.189342,-140.0791,-651.3735,5170,28.51,28.22,27.61,24.84
201.5549,27.85%,3.188995,-140.0768,-652.6144,5180,28.47,28.27,27.65,24.86
201.944,27.71%,3.18868,-140.0766,-653.8552,5190,28.41,28.19,27.59,24.9
202.3331,27.58%,3.188368,-140.0741,-655.0958,5200,28.43,28.22,27.59,24.89
202.7222,27.44%,3.188034,-140.0784,-656.3364,5210,28.51,28.26,27.6,24.88
203.1113,27.30%,3.187709,-140.0794,-657.5768,5220,28.48,28.3,27.67,24.88
203.5004,27.16%,3.187394,-140.0747,-658.8171,5230,28.5,28.32,27.75,24.94
203.8895,27.02%,3.187076,-140.072,-660.0572,5240,28.5,28.35,27.64,24.93
204.2786,26.88%,3.186751,-140.0727,-661.2972,5250,28.58,28.38,27.77,24.95
204.6677,26.74%,3.18642,-140.0782,-662.5372,5260,28.51,28.31,27.67,24.94
205.0568,26.60%,3.186098,-140.0761,-663.7769,5270,28.43,28.3,27.73,25
205.4459,26.46%,3.185767,-140.0741,-665.0166,5280,28.54,28.34,27.72,24.9
205.835,26.32%,3.185449,-140.0745,-666.2561,5290,28.56,28.22,27.77,24.92
206.2241,26.18%,3.185099,-140.0771,-667.4955,5300,28.53,28.31,27.69,24.91
206.6132,26.04%,3.184758,-140.0745,-668.7347,5310,28.56,28.35,27.7,24.87
207.0023,25.90%,3.184437,-140.0725,-669.9739,5320,28.61,28.4,27.76,24.89
207.3914,25.76%,3.184045,-140.0759,-671.2128,5330,28.49,28.37,27.75,24.9
207.7805,25.63%,3.18373,-140.078,-672.4517,5340,28.42,28.36,27.74,24.88
208.1696,25.49%,3.183389,-140.0768,-673.6904,5350,28.59,28.4,27.75,24.89
208.5587,25.35%,3.183026,-140.0727,-674.929,5360,28.57,28.3,27.77,24.93
208.9478,25.21%,3.182673,-140.072,-676.1674,5370,28.54,28.32,27.81,24.9
209.3369,25.07%,3.182316,-140.078,-677.4057,5380,28.56,28.32,27.77,24.96
209.726,24.93%,3.181941,-140.0759,-678.6439,5390,28.45,28.37,27.89,24.97
210.1151,24.79%,3.181597,-140.0766,-679.8819,5400,28.58,28.3,27.83,25.03
210.5042,24.65%,3.181231,-140.078,-681.1198,5410,28.61,28.44,27.93,24.95
210.8933,24.51%,3.180852,-140.0743,-682.3575,5420,28.62,28.5,27.94,24.94
211.2824,24.37%,3.180479,-140.078,-683.5952,5430,28.69,28.46,27.93,24.91
211.6715,24.23%,3.18011,-140.0789,-684.8326,5440,28.55,28.47,27.91,24.93
212.0606,24.09%,3.179731,-140.0768,-686.0699,5450,28.68,28.49,27.93,24.97
212.4497,23.95%,3.179349,-140.078,-687.3071,5460,28.5,28.5,27.97,24.88
212.8388,23.81%,3.17897,-140.0725,-688.5441,5470,28.66,28.4,27.87,24.89
213.2279,23.68%,3.178588,-140.0757,-689.781,5480,28.64,28.43,27.93,24.94
213.6171,23.54%,3.178203,-140.0782,-691.0177,5490,28.58,28.4,27.96,24.98
214.0061,23.40%,3.177824,-140.0764,-692.2543,5500,28.67,28.4,27.89,24.94
214.3952,23.26%,3.17743,-140.0761,-693.4907,5510,28.62,28.4,28.01,24.91
214.7843,23.12%,3.177,-140.0762,-694.7269,5520,28.67,28.4,28.04,24.93
215.1734,22.98%,3.176624,-140.0711,-695.963,5530,28.68,28.54,28.05,25.01
215.5625,22.84%,3.176214,-140.0771,-697.199,5540,28.72,28.53,28.09,25.04
215.9516,22.70%,3.175796,-140.0761,-698.4348,5550,28.65,28.45,28.01,24.94
216.3407,22.56%,3.175398,-140.0773,-699.6703,5560,28.68,28.43,28.02,24.98
216.7298,22.42%,3.174975,-140.0771,-700.9058,5570,28.7,28.5,28.1,25.07
217.1189,22.28%,3.174558,-140.0777,-702.1411,5580,28.69,28.45,28.05,24.96
217.508,22.14%,3.174131,-140.0775,-703.3762,5590,28.69,28.52,28.04,24.94
217.8971,22.00%,3.173689,-140.075,-704.6112,5600,28.77,28.5,28.12,24.91
218.2862,21.86%,3.173234,-140.0739,-705.846,5610,28.7,28.51,28.06,24.98
218.6753,21.73%,3.172813,-140.08,-707.0806,5620,28.66,28.54,28.12,24.91
219.0644,21.59%,3.172361,-140.0732,-708.3151,5630,28.74,28.47,28.1,24.9
219.4535,21.45%,3.171896,-140.0736,-709.5493,5640,28.72,28.55,28.12,24.92
219.8426,21.31%,3.171467,-140.0787,-710.7834,5650,28.69,28.46,28.14,24.88
220.2317,21.17%,3.170989,-140.0722,-712.0173,5660,28.85,28.58,28.1,24.89
220.6208,21.03%,3.170505,-140.0764,-713.2511,5670,28.68,28.49,28.15,24.85
221.0099,20.89%,3.17004,-140.0713,-714.4846,5680,28.83,28.49,28.07,24.9
221.399,20.75%,3.169563,-140.0791,-715.718,5690,28.88,28.51,28.2,24.87
221.7881,20.61%,3.169063,-140.0734,-716.9512,5700,28.78,28.48,28.15,24.84
222.1772,20.47%,3.168592,-140.0745,-718.1841,5710,28.74,28.53,28.23,24.79
222.5663,20.33%,3.168105,-140.078,-719.417,5720,28.73,28.54,28.1,24.88
222.9554,20.19%,3.167563,-140.0743,-720.6496,5730,28.78,28.47,28.2,24.88
223.3445,20.05%,3.167089,-140.0766,-721.882,5740,28.73,28.5,28.17,24.91
223.7336,19.92%,3.166596,-140.0704,-723.1142,5750,28.8,28.49,28.16,24.93
224.1227,19.78%,3.166061,-140.0759,-724.3462,5760,28.81,28.57,28.26,24.94
224.5118,19.64%,3.165552,-140.0766,-725.578,5770,28.82,28.59,28.26,24.98
224.9009,19.50%,3.165023,-140.0708,-726.8096,5780,28.82,28.53,28.26,24.95
225.29,19.36%,3.164507,-140.0725,-728.041,5790,28.81,28.52,28.33,24.86
225.6791,19.22%,3.16395,-140.069,-729.2722,5800,28.82,28.47,28.23,24.87
226.0682,19.08%,3.163428,-140.0727,-730.5032,5810,28.89,28.56,28.27,24.89
226.4573,18.94%,3.162887,-140.075,-731.7339,5820,28.79,28.61,28.26,24.83
226.8464,18.80%,3.162333,-140.0754,-732.9645,5830,28.8,28.58,28.33,24.86
227.2355,18.66%,3.161792,-140.0759,-734.1949,5840,28.81,28.59,28.3,24.83
227.6246,18.52%,3.161266,-140.08,-735.425,5850,28.87,28.7,28.3,24.94
228.0137,18.38%,3.160719,-140.0761,-736.655,5860,28.86,28.63,28.29,25.02
228.4028,18.24%,3.160136,-140.0738,-737.8846,5870,28.91,28.58,28.39,24.9
228.7919,18.10%,3.159566,-140.0741,-739.1141,5880,28.86,28.72,28.41,24.98
229.181,17.97%,3.159016,-140.0706,-740.3434,5890,28.83,28.64,28.35,25.01
229.5701,17.83%,3.158433,-140.0766,-741.5724,5900,28.85,28.72,28.53,25.02
229.9592,17.69%,3.157851,-140.0722,-742.8013,5910,28.94,28.69,28.41,25
230.3483,17.55%,3.157252,-140.078,-744.0298,5920,28.95,28.71,28.44,25.1
230.7374,17.41%,3.156644,-140.0768,-745.2582,5930,28.87,28.61,28.49,25.18
231.1265,17.27%,3.156052,-140.0743,-746.4864,5940,29.01,28.76,28.52,25.1
231.5156,17.13%,3.155425,-140.0738,-747.7143,5950,29.08,28.71,28.58,25.05
231.9047,16.99%,3.154826,-140.0743,-748.9419,5960,29.05,28.85,28.5,25.05
232.2938,16.85%,3.154227,-140.0745,-750.1694,5970,28.97,28.84,28.6,25.02
232.6829,16.71%,3.153604,-140.0757,-751.3965,5980,29.11,28.8,28.56,25.07
233.072,16.57%,3.152989,-140.0745,-752.6235,5990,29.02,28.79,28.55,25
233.461,16.43%,3.15234,-140.0768,-753.8502,6000,29.05,28.7,28.46,25.01
233.8501,16.29%,3.15169,-140.0738,-755.0766,6010,28.96,28.76,28.49,25
234.2392,16.15%,3.151022,-140.0755,-756.3028,6020,28.99,28.74,28.55,24.93
234.6283,16.02%,3.150372,-140.0782,-757.5287,6030,29.11,28.78,28.6,24.9
235.0174,15.88%,3.149678,-140.0775,-758.7544,6040,29.08,28.69,28.53,24.92
235.4065,15.74%,3.149019,-140.0734,-759.9798,6050,29.02,28.72,28.65,24.89
235.7956,15.60%,3.148357,-140.0724,-761.2049,6060,28.98,28.72,28.63,24.92
236.1847,15.46%,3.147631,-140.0743,-762.4298,6070,28.96,28.81,28.52,24.83
236.5738,15.32%,3.146896,-140.0761,-763.6544,6080,28.98,28.7,28.67,24.92
236.9629,15.18%,3.146195,-140.0757,-764.8787,6090,28.98,28.73,28.63,24.78
237.352,15.04%,3.145463,-140.0711,-766.1027,6100,28.93,28.74,28.6,24.82
237.7411,14.90%,3.144715,-140.0738,-767.3265,6110,28.99,28.77,28.66,24.82
238.1302,14.76%,3.143973,-140.0762,-768.5499,6120,28.98,28.75,28.62,24.83
238.5193,14.62%,3.143197,-140.0759,-769.7731,6130,29.02,28.87,28.69,24.83
238.9084,14.48%,3.142461,-140.0745,-770.996,6140,29.02,28.82,28.73,24.87
239.2975,14.34%,3.141678,-140.0775,-772.2186,6150,29.03,28.83,28.66,24.87
239.6866,14.20%,3.140898,-140.0752,-773.4408,6160,29.03,28.83,28.63,24.89
240.0757,14.07%,3.140096,-140.0743,-774.6628,6170,29.09,28.89,28.68,24.91
240.4648,13.93%,3.139303,-140.0732,-775.8845,6180,29.09,28.86,28.73,24.89
240.8539,13.79%,3.138507,-140.0738,-777.1058,6190,29.11,28.78,28.8,24.93
241.243,13.65%,3.137714,-140.0745,-778.3268,6200,29.13,28.9,28.7,24.85
241.6321,13.51%,3.136906,-140.0768,-779.5475,6210,29.12,28.95,28.78,24.92
242.0212,13.37%,3.136145,-140.0768,-780.7679,6220,29.07,28.94,28.77,24.83
242.4103,13.23%,3.135374,-140.0761,-781.9881,6230,29.09,28.82,28.78,24.88
242.7994,13.09%,3.134623,-140.0754,-783.2079,6240,29.07,28.89,28.73,24.94
243.1885,12.95%,3.133891,-140.0725,-784.4274,6250,29.09,28.8,28.78,24.97
243.5776,12.81%,3.133152,-140.0755,-785.6467,6260,29.05,28.91,28.78,25.05
243.9667,12.67%,3.132433,-140.0759,-786.8657,6270,29.11,28.89,28.85,24.99
244.3558,12.53%,3.131736,-140.0761,-788.0844,6280,29.22,29.04,28.85,25
244.7449,12.39%,3.131042,-140.0784,-789.3027,6290,29.21,28.96,28.84,24.97
245.134,12.25%,3.130383,-140.0771,-790.5209,6300,29.28,28.93,28.83,24.94
245.5231,12.12%,3.129724,-140.0773,-791.7388,6310,29.17,28.91,28.94,24.95
245.9122,11.98%,3.129074,-140.0775,-792.9564,6320,29.11,28.98,28.9,24.96
246.3013,11.84%,3.12846,-140.0748,-794.1738,6330,29.23,28.91,28.9,24.95
246.6904,11.70%,3.127836,-140.075,-795.391,6340,29.19,28.95,28.91,25.02
247.0795,11.56%,3.127231,-140.0736,-796.6079,6350,29.12,28.97,28.9,24.95
247.4686,11.42%,3.126632,-140.0771,-797.8246,6360,29.13,28.93,28.9,24.92
247.8577,11.28%,3.126053,-140.072,-799.041,6370,29.12,28.95,28.91,24.96
248.2468,11.14%,3.125464,-140.0715,-800.2573,6380,29.19,28.9,28.94,25
248.6359,11.00%,3.124868,-140.0757,-801.4733,6390,29.16,28.92,28.9,25
249.025,10.86%,3.12426,-140.0764,-802.689,6400,29.17,28.86,28.93,24.99
249.4141,10.72%,3.12371,-140.0743,-803.9045,6410,29.22,28.98,28.92,25.04
249.8032,10.58%,3.123121,-140.0724,-805.1199,6420,29.26,29.1,28.93,24.96
250.1923,10.44%,3.122519,-140.0775,-806.3349,6430,29.24,29.03,28.94,24.98
250.5814,10.30%,3.121895,-140.0722,-807.5497,6440,29.36,29.05,29.01,25.08
250.9705,10.17%,3.121252,-140.078,-808.7644,6450,29.24,29.13,29.01,25.06
251.3596,10.03%,3.120641,-140.0745,-809.9788,6460,29.31,29.12,28.91,24.93
251.7487,9.89%,3.120017,-140.0782,-811.1929,6470,29.19,28.94,29.01,25.01
252.1378,9.75%,3.119361,-140.0791,-812.4067,6480,29.35,29.06,28.92,25.02
252.5269,9.61%,3.11868,-140.0745,-813.6203,6490,29.22,28.92,29.05,24.95
252.916,9.47%,3.117998,-140.0782,-814.8337,6500,29.35,29.08,29.01,25.02
253.3051,9.33%,3.117308,-140.0715,-816.0468,6510,29.35,29.01,28.91,25
253.6941,9.19%,3.116588,-140.0761,-817.2595,6520,29.32,29.11,29.04,25
254.0832,9.05%,3.115805,-140.0708,-818.472,6530,29.38,29.01,28.91,25.09
254.4723,8.91%,3.115038,-140.08,-819.6842,6540,29.29,29,28.98,25.02
254.8614,8.77%,3.114242,-140.075,-820.8961,6550,29.36,29.11,29.06,25.05
255.2505,8.63%,3.113398,-140.0755,-822.1077,6560,29.3,29.06,29.09,25.02
255.6396,8.49%,3.112542,-140.0796,-823.319,6570,29.28,29.14,29.03,25.05
256.0287,8.36%,3.111625,-140.0768,-824.5299,6580,29.31,29.15,29.1,25.01
256.4178,8.22%,3.110711,-140.0773,-825.7404,6590,29.27,29.1,29.02,24.99
256.8069,8.08%,3.10975,-140.0796,-826.9506,6600,29.32,29.12,29.04,25.04
257.196,7.94%,3.108744,-140.0778,-828.1605,6610,29.39,29.19,29.07,25.02
257.5851,7.80%,3.107693,-140.078,-829.3699,6620,29.4,29.11,29.1,25.1
257.9742,7.66%,3.106591,-140.0729,-830.5789,6630,29.38,29.13,29.07,25.01
258.3633,7.52%,3.105474,-140.0771,-831.7874,6640,29.38,29.08,29.05,25.03
258.7524,7.38%,3.104245,-140.0791,-832.9955,6650,29.34,29.11,29.06,25.06
259.1415,7.24%,3.102972,-140.0745,-834.2032,6660,29.35,29.11,29.15,25.05
259.5306,7.10%,3.101644,-140.0807,-835.4103,6670,29.28,29.07,29.13,25.06
259.9198,6.96%,3.100228,-140.0794,-836.6169,6680,29.3,29.17,29.19,25.03
260.3089,6.82%,3.098741,-140.0752,-837.8229,6690,29.42,29.14,29.15,25.03
260.698,6.68%,3.09714,-140.0764,-839.0283,6700,29.39,29.18,29.18,24.92
261.0871,6.54%,3.095449,-140.0745,-840.233,6710,29.36,29.15,29.12,24.96
261.4762,6.41%,3.093631,-140.0796,-841.4371,6720,29.34,29.24,29.09,24.93
261.8653,6.27%,3.091702,-140.0782,-842.6406,6730,29.36,29.13,29.2,24.9
262.2544,6.13%,3.089652,-140.0757,-843.8431,6740,29.41,29.28,29.16,25
262.6435,5.99%,3.087436,-140.0784,-845.0449,6750,29.42,29.21,29.15,24.87
263.0326,5.85%,3.08502,-140.0787,-846.2458,6760,29.43,29.28,29.11,24.92
263.4217,5.71%,3.082409,-140.0752,-847.4457,6770,29.45,29.18,29.21,24.84
263.8108,5.57%,3.079636,-140.0727,-848.6445,6780,29.44,29.18,29.18,24.81
264.1999,5.43%,3.076577,-140.0711,-849.8422,6790,29.36,29.25,29.21,24.82
264.589,5.29%,3.073282,-140.0757,-851.0386,6800,29.43,29.18,29.23,24.77
264.9781,5.15%,3.069723,-140.0768,-852.2338,6810,29.36,29.16,29.2,24.84
265.3672,5.01%,3.065858,-140.0819,-853.4275,6820,29.45,29.29,29.21,24.81
265.7563,4.87%,3.0617,-140.0771,-854.6196,6830,29.44,29.28,29.29,24.81
266.1454,4.73%,3.057214,-140.0787,-855.8101,6840,29.48,29.34,29.29,24.77
266.5345,4.59%,3.052394,-140.0759,-856.9987,6850,29.47,29.33,29.23,24.82
266.9236,4.46%,3.047237,-140.078,-858.1854,6860,29.42,29.24,29.23,24.79
267.3127,4.32%,3.041726,-140.0784,-859.3701,6870,29.38,29.1,29.31,24.82
267.7018,4.18%,3.035824,-140.0778,-860.5524,6880,29.41,29.17,29.39,24.88
268.0909,4.04%,3.029593,-140.0782,-861.7325,6890,29.52,29.29,29.38,24.87
268.48,3.90%,3.022924,-140.0796,-862.91,6900,29.43,29.2,29.43,25.01
268.8691,3.76%,3.015888,-140.0759,-864.0849,6910,29.55,29.26,29.38,24.94
269.2582,3.62%,3.008448,-140.0755,-865.257,6920,29.56,29.32,29.43,24.86
269.6473,3.48%,3.000486,-140.0757,-866.426,6930,29.5,29.27,29.5,24.97
270.0364,3.34%,2.992069,-140.0755,-867.5919,6940,29.56,29.26,29.48,24.92
270.4255,3.20%,2.983107,-140.0787,-868.7544,6950,29.56,29.34,29.41,24.91
270.8146,3.06%,2.973581,-140.0768,-869.9133,6960,29.5,29.39,29.48,24.95
271.2037,2.92%,2.963366,-140.0789,-871.0684,6970,29.52,29.31,29.44,24.98
271.5928,2.78%,2.952414,-140.0777,-872.2193,6980,29.59,29.37,29.52,24.89
271.9819,2.64%,2.940638,-140.0784,-873.3658,6990,29.64,29.37,29.68,24.92
272.371,2.51%,2.927894,-140.0732,-874.5076,7000,29.6,29.37,29.55,24.96
272.7601,2.37%,2.914071,-140.0741,-875.6442,7010,29.6,29.43,29.7,25
273.1492,2.23%,2.898971,-140.0732,-876.7751,7020,29.61,29.31,29.75,24.96
273.5383,2.09%,2.88241,-140.0777,-877.9,7030,29.62,29.4,29.73,24.9
273.9274,1.95%,2.864229,-140.0768,-879.018,7040,29.65,29.37,29.69,24.97
274.3165,1.81%,2.844191,-140.0755,-880.1287,7050,29.68,29.43,29.77,24.92
274.7056,1.67%,2.822065,-140.0752,-881.2311,7060,29.68,29.44,29.93,24.92
275.0947,1.53%,2.797631,-140.0789,-882.3245,7070,29.76,29.53,29.88,24.97
275.4838,1.39%,2.77081,-140.0759,-883.4079,7080,29.77,29.47,29.92,24.98
275.8729,1.25%,2.741454,-140.0757,-884.4804,7090,29.88,29.51,29.9,24.98
276.262,1.11%,2.709611,-140.0768,-885.541,7100,29.84,29.54,30.02,24.95
276.6511,0.97%,2.675257,-140.078,-886.5886,7110,29.84,29.55,30.08,25.03
277.0402,0.83%,2.638522,-140.0741,-887.6225,7120,29.84,29.63,30.14,25
277.4293,0.69%,2.59945,-140.0725,-888.6416,7130,29.79,29.55,30.14,24.91
277.8184,0.56%,2.55807,-140.072,-889.6451,7140,29.82,29.66,30.26,25.02
278.2075,0.42%,2.514738,-140.0784,-890.632,7150,29.79,29.57,30.27,24.91
278.3365,0.37%,2.499998,-140.0743,-890.9554,7160,29.87,29.64,30.32,25.05
278.9814,0.008537805,2.719444,-140.0646,-894.2372,7170,30.84,30.38,29.99,25.14
279.3705,0.007154996,2.69008,-140.063,-895.2897,7180,30.86,30.42,30.01,25.14
279.7596,0.005772187,2.658549,-140.0813,-896.3303,7190,30.85,30.46,30.03,25.04
280.1487,0.004389378,2.624694,-140.0726,-897.3582,7200,31.02,30.43,30.09,25.04
280.5378,0.00300657,2.588316,-140.0703,-898.3724,7210,30.97,30.44,30.15,25.12
280.9269,0.001623761,2.549268,-140.0685,-899.372,7220,31,30.45,30.17,25.14
281.316,0.000240952,2.507572,-140.0728,-900.3558,7230,31.01,30.5,30.28,25.12
281.3838,0,2.499998,-140.065,-900.5258,7240,31,30.56,30.2,25.1
