time,50,52.5641,55.1282,57.6923,60.2564,62.8205,65.3846,67.9487,70.5128,73.0769,75.641,78.2051,80.7692,83.3333,85.8974,88.4615,91.0256,93.5897,96.1538,98.7179,101.282,103.846,106.41,108.974,111.538,114.103,116.667,119.231,121.795,124.359,126.923,129.487,132.051,134.615,137.179,139.744,142.308,144.872,147.436,150
0.0,3.338718551483457,3.338721909845129,3.3387249559550156,3.338727731334834,3.3387302706277415,3.3387326026603215,3.338734751845074,3.338736738896757,3.338738581461276,3.3387402947425846,3.338741891890259,3.338743384383386,3.33874478206633,3.3387460937614626,3.3387473271813333,3.338748489159225,3.338749585688949,3.3387506220496856,3.338751603217835,3.338752533426328,3.3387534165316333,3.338754256014636,3.338755055092867,3.3387558165419327,3.338756542993904,3.3387572367817313,3.3387579001367618,3.338758534907023,3.3387591429532852,3.338759725921756,3.3387602854042866,3.3387608226479646,3.3387613391081308,3.338761835871139,3.3387623140662965,3.3387627747221407,3.3387632187803833,3.3387636470495674,3.3387640605212545,3.33876445985365
59.607186615948144,3.16148671690364,3.1614903506040006,3.1614936465230032,3.1614966495471304,3.161499397123939,3.161501920513457,3.1615042460685014,3.1615063961634324,3.161508389954931,3.1615102439222738,3.161511972217412,3.161513587213199,3.161515099693196,3.161516519164258,3.1615178538375583,3.1615191112813377,3.1615202978272454,3.1615214193864336,3.1615224811570184,3.1615234877535316,3.1615244434324095,3.1615253519080224,3.1615262166548765,3.1615270406798226,3.161527826834861,3.161528577656041,3.161529295507085,3.1615299824911323,3.161530640534307,3.161531271422209,3.1615318768496805,3.1615324583526974,3.1615330172301377,3.161533554791389,3.161534072342421,3.1615345708071,3.161535051386696,3.1615355149427646,3.1615359623835473,3.1615363945012347
119.21437323189629,3.1305350247415875,3.1305387877470117,3.130542654977205,3.130545765004811,3.1305486105807847,3.1305512239360596,3.13055317834147,3.130555859203304,3.1305579240523844,3.130559844119929,3.1305616340148736,3.130562852608633,3.1305648730554414,3.130566343023775,3.1305672715492037,3.130569027601253,3.13056980268443,3.130571418050484,3.1305725176229546,3.1305735602381155,3.130574549945589,3.1305750371032963,3.1305763864201643,3.13057723981723,3.130578054018557,3.13057883145985,3.1305795750511805,3.1305802864599293,3.130580514061988,3.1305816214340654,3.130581794293187,3.130582850677069,3.1305829753756953,3.130583986207229,3.1305845221437085,3.130584584911251,3.1305855361670405,3.1305860162183317,3.130586479597413,3.1305869271920765
178.82155984784444,3.130718475670885,3.130722291553538,3.1307258285854145,3.130728982150342,3.13073186746285,3.130734517358844,3.1307368836382565,3.130739217450884,3.1307413112246976,3.1307432580598786,3.130745073019213,3.130746693161645,3.130748357368933,3.130749847970819,3.1307511737813347,3.1307525701294585,3.1307537402444146,3.1307549939083046,3.1307561089407017,3.130757166008938,3.130758169586119,3.1307590477501344,3.1307600317390465,3.1307608970042367,3.1307617226473465,3.1307625111367616,3.130763264906846,3.130763986381637,3.130764601455364,3.1307653399805724,3.130765899910428,3.1307665864025003,3.1307670974265123,3.1307677378456944,3.1307682812678594,3.13076872893195,3.130769309435538,3.1307697962445724,3.1307702661393653,3.130770719987743
238.42874646379258,3.13645877294219,3.136462606699049,3.1364661041711637,3.1364692725557815,3.1364721714214214,3.1364748337483337,3.136477267164919,3.136479555809414,3.136481659414967,3.136483615386074,3.136485438842227,3.1364871226235156,3.13648873854773,3.1364902361721096,3.136491624233293,3.1364929709690452,3.1364942027524014,3.1364954061957815,3.1364965264398386,3.1364975885168835,3.136498596753156,3.136499535085559,3.1365004675922923,3.136501337011628,3.136502166435882,3.1365029586699333,3.136503715968565,3.1365044408180354,3.136505114912662,3.1365058007662263,3.1365064193654137,3.136507053025424,3.1365076225146526,3.1365082098408332,3.1365087558572293,3.1365092616895724,3.1365097888019076,3.1365102779310776,3.136510750009865,3.136511205928743
298.03593307974074,3.1423085700193596,3.1423124072286788,3.142315890542548,3.142319061732811,3.1423219632038233,3.1423246278858628,3.1423270807740553,3.142329354179016,3.1423314596508276,3.1423334173961517,3.1423352425022957,3.1423369450786045,3.1423385451205466,3.14234004405986,3.1423414507165646,3.142342781357732,3.142344031552915,3.1423452187237477,3.1423463399899596,3.1423474029787966,3.1423484121625798,3.1423493686728046,3.142350284657767,3.142351154871185,3.1423519850595643,3.1423527778937457,3.142353535960593,3.1423542613764086,3.1423549534381685,3.1423556225521923,3.142356259060077,3.1423568759160494,3.142357463241764,3.142358033812934,3.1423585803571648,3.142359103909494,3.142359614217064,3.1423601037158297,3.1423605762053852,3.1423610325476106
357.6431196956889,3.1473665910171533,3.1473704249777414,3.147373900627333,3.147377069155784,3.1473799681445707,3.147382630555225,3.147385086066025,3.147387352865335,3.1473894564863447,3.147391412598803,3.1473932361232952,3.14739494193127,3.1473965359520104,3.1473980336166423,3.1473994436926267,3.1474007685461114,3.147402022318668,3.1474032038828073,3.1474043241291647,3.147405386230519,3.1474063945607136,3.147407354873911,3.1474082654859448,3.1474091348977016,3.1474099643629536,3.1474107565702387,3.147411513961915,3.147412238791505,3.1474129349124986,3.147413598773425,3.1474142393853666,3.1474148510728357,3.1474154425684415,3.1474160079978946,3.147416554012223,3.1474170817826805,3.1474175870199836,3.1474180761299535,3.147418548213088,3.147419004128335
417.250306311637,3.151631364727501,3.151635191359307,3.1516386596509602,3.1516418220997573,3.1516447155261256,3.1516473728540326,3.1516498244146174,3.1516520861019415,3.1516541857295057,3.1516561380754897,3.1516579581139297,3.1516596613924452,3.1516612515999016,3.1516627463880975,3.151664154533932,3.151665476087903,3.151666728194618,3.1516679067329805,3.1516690248565284,3.15167008490878,3.1516710913004533,3.1516720505579103,3.151672958635978,3.1516738264004505,3.151674654284489,3.151675444966251,3.1516762008945434,3.151676924318746,3.1516776198790963,3.1516782817112463,3.1516789218210124,3.15167953160222,3.151680122715592,3.1516806862785183,3.151681231275902,3.1516817587840404,3.151682262284125,3.1516827504225535,3.151683221636281,3.1516836766911656
476.85749292758516,3.1552386108304367,3.155242425658016,3.15524588351562,3.1552490362287227,3.155251920716733,3.1552545698593777,3.1552570135264206,3.1552592685228755,3.1552613616724807,3.1552633079992956,3.1552651223772377,3.155266820091452,3.1552684056850357,3.1552698958579977,3.1552712993473926,3.1552726170966663,3.1552738650278114,3.155275040234609,3.155276154888157,3.155277211651549,3.155278214912237,3.155279170939317,3.155280076463925,3.1552809415530487,3.1552817668590736,3.1552825550932853,3.155283308698577,3.155284029868921,3.1552847229589593,3.155285383049666,3.1552860208963165,3.1552866290870827,3.1552872180482145,3.1552877801812564,3.155288323452511,3.1552888490556446,3.1552893512931193,3.155289837929422,3.1552903076747083,3.155290761302917
536.4646795435333,3.158310832008951,3.158314625194219,3.1583180639027324,3.1583211986892,3.158324066799724,3.158326700867665,3.158329130201172,3.1583313728153612,3.158333454072117,3.158335389292416,3.158337193368494,3.1583388809468085,3.1583404579769296,3.1583419396591976,3.158343334672036,3.15834464538335,3.1583458857554607,3.1583470547004957,3.158348162997136,3.158349213738766,3.158350211297984,3.158351161375795,3.1583522343544663,3.1583529223628917,3.158353742953122,3.15835452669261,3.1583552759846203,3.1583559930594576,3.1583566817078803,3.1583573385017516,3.1583579722385338,3.158358577400418,3.15835916254542,3.1583597219234565,3.1583602621069797,3.1583607842345636,3.1583612840694015,3.158361767931129,3.158362234957021,3.1583626860147427
596.0718661594815,3.1609262942294025,3.1609300371104143,3.160933430510954,3.1609365236910985,3.1609393536953263,3.1609419527535767,3.160944349431385,3.1609465625738973,3.1609487238780005,3.160950525564724,3.160952305609048,3.160953970357923,3.1609555267280562,3.1609569886307867,3.1609583647187183,3.160959658294478,3.1609608817479735,3.160962035443296,3.16096312895198,3.1609641656605687,3.160965149900313,3.1609660869560656,3.160967078855404,3.1609678247577433,3.160968634399458,3.1609694076597754,3.160970146926633,3.160970854426734,3.1609715335265425,3.1609721818771734,3.160972806803195,3.1609734042024686,3.1609739811907174,3.1609745334271695,3.1609750663675853,3.1609755811803586,3.160976182310526,3.1609765520307738,3.1609770128235857,3.160977457852
655.6790527754296,3.163097321148388,3.163100936407285,3.163104214039507,3.1631072015766124,3.163109934906943,3.163112491943431,3.1631147597994276,3.163116897251821,3.1631189326369507,3.1631207245867845,3.1631224436746748,3.163124051360137,3.1631255543925274,3.163127012920876,3.163128295072012,3.163129544296928,3.1631307257782755,3.163131839882977,3.1631328958683462,3.1631338969840965,3.163134847449107,3.163135752270592,3.1631366612356744,3.163137430405356,3.163138212235365,3.1631389589362513,3.1631396727858667,3.163140355960257,3.163141011714796,3.1631416377936388,3.16314224120946,3.1631428180739705,3.163143375193663,3.1631439084600736,3.1631444230682235,3.163144920157063,3.163145448680171,3.163145857626505,3.1631463025438813,3.1631467788258214
715.2862393913778,3.1647486368775244,3.1647519798302564,3.164755010014668,3.1647577723060136,3.1647602994554496,3.164762626396231,3.1647647606833536,3.1647667362704457,3.1647685758745876,3.1647702744686206,3.1647718636164006,3.1647733502131157,3.1647747391483874,3.1647760501953424,3.1647772729944643,3.1647784272652646,3.1647795197494015,3.1647805491162915,3.1647815251582765,3.164782450482847,3.1647833289426486,3.1647841657202966,3.1647849641655545,3.1647857162781894,3.164786438876799,3.164787128990151,3.1647877887632423,3.164788420151482,3.1647890266422145,3.164789604828676,3.164790162923538,3.1647906956153284,3.1647912109492733,3.1647917033403243,3.164792178923138,3.164792638740504,3.164793084653754,3.1647935046884235,3.1647939158626492,3.1647943187655834
774.8934260073258,3.1657627727277644,3.1657656977276623,3.1657683480940806,3.165770764843365,3.165772975746631,3.165774976191235,3.1657768793541763,3.1657786067388516,3.1657801824779517,3.165781701729195,3.1657830917691263,3.1657843929386087,3.1657856069619648,3.165786718398477,3.165787824007209,3.1657888327289814,3.165789789053057,3.165790688491774,3.1657915421118292,3.1657923513792032,3.165793119634542,3.165793852282508,3.165794516605543,3.1657952074652154,3.1657958393883403,3.1657964428619603,3.165797019814274,3.1657975720246325,3.1657981032094207,3.16579860797238,3.1657990968754284,3.1657995618269954,3.165800013285908,3.165800443022976,3.1658008589064925,3.1658012618272555,3.1658016173829124,3.1658020181710382,3.16580237771744,3.1658026947408624
834.500612623274,3.166074708065481,3.1660771394919442,3.1660793415763946,3.1660813503696166,3.1660831879979203,3.1660848246842868,3.166086433366804,3.1660878679719486,3.1660891532750877,3.1660904400931846,3.166091595218291,3.1660926775542753,3.166093685362856,3.1660945829873937,3.166095528672568,3.1660963658298042,3.166097161516436,3.1660979078691587,3.166098617149593,3.1660992895563647,3.1660999279212043,3.1661005376326066,3.1661010651163055,3.166101662587352,3.1661021876339306,3.166102689057613,3.1661031684106526,3.1661036271582734,3.1661040694743643,3.1661044878415807,3.1661048950348047,3.1661052803199756,3.166105656412654,3.1661060124014475,3.166106357905188,3.166106693665669,3.1661069638030264,3.1661073210118222,3.1661076196630034,3.1661078571000547
894.1077992392221,3.165664648400506,3.1656665726603648,3.1656683143410365,3.1656699039557328,3.165671358129874,3.165672633438927,3.1656739271259773,3.165675061225765,3.165676060043241,3.165677096291064,3.1656780102463786,3.1656788674974243,3.1656796638677327,3.1656803542127645,3.165681123123762,3.1656817844222656,3.165682414879726,3.165683004290638,3.165683565383606,3.1656840973122296,3.1656846022698586,3.1656850855840917,3.1656854846479234,3.1656859744472774,3.165686389748223,3.1656867863823805,3.165687165525959,3.165687528394263,3.1656878792856435,3.1656882091847396,3.165688532269572,3.165688836022418,3.165689134489409,3.165689415067127,3.1656896883242824,3.1656899549108957,3.1656901494352954,3.1656904500677516,3.165690686311395,3.1656908543184046
953.7149858551703,3.164496512123477,3.1644979771591126,3.164499302279586,3.164500512420515,3.164501619399342,3.1645025725808136,3.1645035757644226,3.164504438181293,3.1645051822280483,3.164505987149666,3.164506682769686,3.1645073360688643,3.1645079413188495,3.1645084491319615,3.1645090527401734,3.1645095551789857,3.1645100358016327,3.1645104835003646,3.1645109104698816,3.164511315260264,3.1645116995349585,3.1645120681559202,3.1645123556427013,3.1645127437140905,3.1645130597417337,3.16451336155501,3.164513650085151,3.164513926185766,3.164514194009169,3.1645144442029634,3.1645146908510187,3.1645149211504586,3.1645151490825474,3.1645153617262256,3.164515569662111,3.1645157733233336,3.1645159043047877,3.1645161492625338,3.1645163289889147,3.1645164392488456
1013.3221724711185,3.1624516092993282,3.162452781313837,3.162453841154918,3.1624548092169023,3.162455694631016,3.1624564411448834,3.162457259575478,3.1624579491549127,3.1624585289817735,3.162459187995716,3.162459744264559,3.162460266913812,3.162460750689804,3.162461140926594,3.1624616397006213,3.162462041234431,3.1624624257575054,3.16246278350993,3.1624631249698423,3.1624634486036745,3.1624637558531665,3.1624640508285298,3.16246426514669,3.1624645907714584,3.1624648434238525,3.162465084704453,3.162465315395393,3.162465536120874,3.1624657504872724,3.162465950275165,3.1624661477048495,3.162466331599807,3.1624665140670203,3.162466683833948,3.1624668500720046,3.162467013121664,3.1624671023266786,3.1624673134551706,3.162467457118988,3.1624675293978775
1072.9293590870666,3.159236845442878,3.1592381714155957,3.1592393719638703,3.159240467041571,3.159241468664743,3.159242312703779,3.15924323728671,3.159244018763942,3.1592446723209298,3.1592454198859183,3.1592460490650898,3.1592466386132636,3.1592471872766454,3.159247628203456,3.1592481910784667,3.1592486466783027,3.159249079985294,3.1592494861248697,3.159249872201511,3.1592502381690637,3.159250585581033,3.1592509175876144,3.1592511570832165,3.1592515296343398,3.159251815307558,3.159252088128781,3.1592523489529434,3.159252598527256,3.1592528393612076,3.159253066807987,3.159253288465294,3.159253497938807,3.1592537026362066,3.159253896166096,3.159254084077115,3.159254266853761,3.15925436717763,3.1592546079394297,3.159254770388616,3.1592548518054775
1132.5365457030148,3.154364478327375,3.15436677932027,3.1543688659911004,3.15437076658943,3.154372505120583,3.1543740112572958,3.154375572092035,3.1543769319868917,3.154378103194384,3.154379364633983,3.1543804570568934,3.1543814775143333,3.154382433507258,3.154383240284874,3.154384173403034,3.1543849679200235,3.1543857171966097,3.1543864257747587,3.1543870963292324,3.154387731974767,3.154388335410522,3.1543889087951973,3.154389361448239,3.1543899751545434,3.1543904714289734,3.1543909453575463,3.1543913984262426,3.1543918320168114,3.1543922470904797,3.154392645471149,3.1543930273169667,3.154393394442943,3.154393746872534,3.15439408628991,3.154394412791958,3.1543947270887007,3.1543949412174,3.1543953229289015,3.1543956051872883,3.1543957877967856
1192.143732318963,3.148103050614198,3.148106574566945,3.1481097723509808,3.1481126842338245,3.148115348263402,3.1481177107936364,3.1481200476183733,3.148122133799783,3.1481239814060933,3.1481258637026204,3.148127538966779,3.1481291026252456,3.1481305703862015,3.1481318621986016,3.1481332380255767,3.148134458406686,3.148135606602262,3.1481366953109435,3.1481377242764266,3.148138699780543,3.1481396258982315,3.148140504472625,3.1481412529542667,3.1481421426895495,3.148142904453896,3.1481436319936695,3.148144327523367,3.148144993184678,3.1481456290381398,3.1481462421034223,3.1481468269761947,3.148147392087094,3.1481479318720504,3.1481484544551686,3.1481489558498437,3.1481494371036294,3.148149819325147,3.14815035351589,3.1481507870109344,3.148151121797194
1251.750918934911,3.142597546060947,3.1426016048049807,3.1426052881079456,3.1426086424265183,3.1426117114747325,3.1426144780474723,3.1426171258004247,3.1426195293371784,3.1426217030255064,3.1426238272886167,3.142625757792467,3.142627559879164,3.142629251254549,3.1426307847909554,3.14263232588623,3.1426337322344198,3.142635055760053,3.1426363104723136,3.142637496493201,3.142638620953751,3.142639688417083,3.142640701382949,3.1426416112587714,3.1426425896138777,3.1426434677981296,3.1426443065174237,3.1426451083832974,3.14264587573116,3.142646608942777,3.14264731558118,3.142647989994915,3.142648641380561,3.1426492638417938,3.1426498662222007,3.1426504442985994,3.1426509992687635,3.1426514845269375,3.1426520557406157,3.142652555576581,3.1426529862863366
1311.3581055508591,3.1392101696695343,3.139214291104844,3.1392180307860786,3.139221436991861,3.139224553531304,3.139227390840108,3.1392300522540837,3.1392324925949224,3.1392347284383337,3.139236857247017,3.1392388177194435,3.1392406483511923,3.139242365463427,3.1392439507057768,3.139245488409275,3.1392469161084082,3.1392482608262045,3.1392495345147284,3.1392507390053037,3.1392518809170173,3.139252965090787,3.1392539943521514,3.139254948630572,3.1392559114714005,3.1392568033550696,3.1392576551366265,3.139258469499874,3.139259248836306,3.139259993988355,3.1392607111108592,3.1392613966188363,3.1392620576426142,3.139262690329286,3.139263301627468,3.139263888704643,3.139264452908031,3.139264973648175,3.139265525365026,3.1392660330154865,3.139266498296167
1370.9652921668073,3.137539912491894,3.137543928071357,3.1375475712986094,3.1375508900464744,3.1375539265253316,3.137556704972508,3.1375592845801075,3.1375616617849107,3.1375638547263365,3.1375659143389343,3.1375678244892473,3.137569608587127,3.137571281124114,3.137572839653571,3.1375743243664442,3.1375757150060397,3.137577025535137,3.1375782661615967,3.137579439699539,3.1375805523118068,3.137581608657261,3.137582611911576,3.137583557330852,3.137584479411401,3.1375853483601173,3.1375861782989745,3.137586971750329,3.1375877310706373,3.1375884575556334,3.1375891558308298,3.1375898241329505,3.1375904678016315,3.137591084707187,3.137591679816768,3.1375922518620376,3.1375928020003476,3.137593323506549,3.1375938465095463,3.1375943410835587,3.137594808320528
1430.5724787827555,3.136836945635293,3.1368408187148122,3.1368443322102526,3.136847533115715,3.136850461755928,3.136853147834092,3.136855629751648,3.1368579582621154,3.1368600441229466,3.1368620236534785,3.136863865944877,3.1368655868856554,3.136867199710033,3.1368687092547547,3.13687013506535,3.1368714759921783,3.136872740317204,3.13687393643838,3.136875068314261,3.1368761413598913,3.136877160160024,3.1368781280276514,3.136879047443592,3.1368799288536042,3.1368807669111867,3.1368815673591675,3.1368823325574096,3.1368830649142634,3.136883765849672,3.1368844389826895,3.136885083858323,3.1368857042706813,3.1368862995685216,3.1368868732317794,3.1368874248549976,3.136887955776863,3.1368884652724356,3.13688896283259,3.1368894398229803,3.1368899327063886
1490.1796653987037,3.1365884889094287,3.1365922312857033,3.136595626077323,3.1365987188855673,3.136601548694848,3.1366041470198645,3.1366065423391145,3.1366087665640836,3.136610810736627,3.1366127200852496,3.136614500081355,3.136616163105538,3.136617721206201,3.136619182651974,3.136620557542506,3.1366218529333496,3.136623074681671,3.1366242301965825,3.1366253237803825,3.1366263605527434,3.1366273448842006,3.136628280234736,3.136629172294857,3.136630019947157,3.136630829640769,3.1366316029639822,3.136632555525999,3.136633049895396,3.1366337273126534,3.1366343775205245,3.136635000736605,3.136635599993907,3.1366361752555885,3.1366367293423503,3.136637262327404,3.1366377754305135,3.1366382708758773,3.136638748236796,3.1366392090453945,3.136639662900847
1549.7868520146517,3.1365079082059952,3.136511540776133,3.1365148357585904,3.1365178378725425,3.1365205845211954,3.136523108037456,3.136525431620254,3.1365275879066523,3.1365295762106578,3.1365314276829346,3.1365331553658473,3.1365347695901296,3.136536281795078,3.136537701665911,3.1365390347831563,3.136540291902015,3.1365414778396667,3.1365425992236764,3.1365436605798505,3.1365446668466928,3.136545622194795,3.1365465300974313,3.136547397985571,3.13654821845585,3.136549004320722,3.1365497548978314,3.136550543117829,3.1365511591676927,3.136551816759743,3.136552447652403,3.1365530526768888,3.136553634121215,3.136554192573873,3.136554730201878,3.1365552475174603,3.1365557455898765,3.1365562280499835,3.136556689573866,3.1365571368042278,3.136557576366027
1609.3940386305999,3.1364394115550507,3.136442945074981,3.1364461500992875,3.136449070255947,3.1364517419248865,3.136454197373795,3.136456456680258,3.136458557858931,3.1364604890619816,3.1364622887377847,3.1364639691711806,3.1364655393114624,3.1364670100347793,3.1364683919518734,3.1364696877801657,3.1364709104193587,3.13647206396301,3.136473154573211,3.1364741869082984,3.136475165607772,3.1364760947533643,3.1364769778752066,3.1364778234075503,3.136478619887791,3.1364793842524796,3.1364801142492715,3.1364808382013236,3.1364814800229572,3.136482119688533,3.1364827331967002,3.136483321687051,3.136483887124853,3.136484430338775,3.136484953158304,3.1364854562707487,3.1364859408164114,3.1364864110582236,3.136486858772459,3.136487293782797,3.1364877261135806
1669.001225246548,3.136292316193191,3.136295744573775,3.136298854144907,3.136301687347095,3.1363042794408407,3.1363066625023164,3.1363088538362516,3.136310898542164,3.1363127668678077,3.136314511890746,3.136316142210336,3.136317665594717,3.1363190923541397,3.136320433792067,3.1363216902933986,3.1363228762963127,3.136323995529976,3.1363250534425413,3.1363260549277925,3.1363270043689493,3.1363279057907385,3.136328762638772,3.136329584157045,3.1363303555267366,3.136331097000496,3.136331805164853,3.1363325001126814,3.136333130124411,3.1363337507845954,3.136334345830255,3.136334916843971,3.136335465257209,3.1363359923160825,3.136336499419413,3.136336987456477,3.1363374576065493,3.136337914759865,3.1363383480455242,3.1363387700294143,3.1363391965334784
1728.6084118624963,3.1360035788819083,3.1360068798984737,3.1360098737392152,3.136012601628608,3.1360150972886385,3.1360173926053108,3.1360195016008525,3.1360214783713114,3.1360232700028914,3.136024948866732,3.136026518468682,3.136027985217785,3.1360293587119603,3.1360306510452967,3.136031859894809,3.1360330016385096,3.1360340792201855,3.1360350976019684,3.136036061759309,3.1360369758334024,3.1360378435618648,3.136038668585104,3.1360394608774933,3.1360402019020532,3.136040915714243,3.1360415974391302,3.1360422722763612,3.136042872991158,3.1360434705635236,3.136044043310569,3.1360445930955683,3.136045120942313,3.1360456284753244,3.136046116469896,3.1360465863203193,3.1360470389905233,3.136047480129975,3.136047896123794,3.1360483023214973,3.136048722117434
1788.2155984784442,3.1355191255516357,3.135522265285147,3.135525112669324,3.135527707176334,3.135530080856402,3.1355322648939103,3.135534269798746,3.1355361603634604,3.135537855053001,3.1355394503280962,3.135540943105779,3.135542338175819,3.1355436442143874,3.1355448743487058,3.135546023056931,3.135547108680086,3.1355481336336966,3.1355491019251365,3.1355500188260437,3.1355508880759584,3.1355517132732658,3.135552498007827,3.1355532531352854,3.135553955980957,3.1355546348441274,3.1355552830880646,3.135555937666524,3.1355564960918336,3.1355570644935145,3.1355576090005726,3.135558131920867,3.1355586337747328,3.135559116487448,3.1355595804553342,3.1355600272551425,3.1355604578870735,3.135560878574609,3.135561272734948,3.1355616590386295,3.1355620699752627
1847.8227850943924,3.13478665577752,3.1347895959851835,3.1347922622236073,3.1347946917317797,3.1347969144396655,3.1347989608802163,3.134800837087256,3.134802620329227,3.1348041956527055,3.1348056877362973,3.1348070854500003,3.134808391857751,3.134809614571345,3.134810767565846,3.1348118420091198,3.134812858367131,3.1348138181110756,3.134814724560059,3.134815583031007,3.134816396845512,3.1348171695057667,3.134817904378171,3.13481861343628,3.13481926924466,3.1348199047883805,3.134820511768164,3.134821142890103,3.1348216473746953,3.1348221796886393,3.1348226893246682,3.134823179079149,3.1348236487523162,3.134824100872278,3.1348245350158486,3.134824953314397,3.134825356643492,3.134825752045665,3.13482611937423,3.134826480989553,3.1348268802781507
1907.4299717103406,3.1337537818685894,3.133756488213483,3.133758942122222,3.133761178319021,3.1337632241098676,3.133765109082901,3.1337668345901726,3.1337684910692856,3.1337699273923194,3.133771298686889,3.1337725850464757,3.1337737875174874,3.1337749126096384,3.133775975258685,3.1337769626881853,3.1337778978289723,3.1337787812778504,3.1337796152482063,3.1337804052469944,3.133781154167832,3.1337818651892526,3.133782541613107,3.133783196510879,3.133783797450237,3.133784382296156,3.1337849408552465,3.133785544884253,3.1337859858385775,3.1337864759325758,3.133786944631256,3.1337873955166287,3.13378782749804,3.133788243783529,3.13378864305303,3.1337890279785263,3.1337893992919588,3.133789764806352,3.1337901009495255,3.1337904337323663,3.1337908180821716
1967.0371583262888,3.1323659737852068,3.132368423111769,3.13237064373682,3.1323726674260217,3.132374518729047,3.1323762261778976,3.1323777862610322,3.1323793020061546,3.132380586775372,3.132381825589879,3.132382989538701,3.1323840778764533,3.132385095727817,3.1323860588110257,3.1323869509167777,3.132387796821447,3.1323885963481968,3.1323893507850764,3.13239006555268,3.132390743198131,3.1323913865088384,3.1323919987492146,3.1323925938096893,3.1323931347442135,3.132393663919808,3.1323941692392387,3.1323947431174406,3.132395114707854,3.1323955582454968,3.132395982159261,3.1323963903207344,3.132396780917727,3.1323971577176963,3.132397518773167,3.1323978670058867,3.132398203161077,3.132398535678372,3.1323988377329117,3.13239913883383,3.132399505221127
2026.644344942237,3.130560745994418,3.1305629323788917,3.1305649144424237,3.1305667208031083,3.1305683733080456,3.1305698988109176,3.130571289888778,3.1305726600163335,3.1305737912603413,3.1305748949066445,3.130575933762463,3.1305769051732804,3.1305778133883426,3.130578674476232,3.1305794691827753,3.130580223947963,3.1305809376476676,3.1305816107297297,3.1305822485550805,3.1305828533080997,3.130583427428464,3.130583973879058,3.1305845074865015,3.1305849874810665,3.1305854596379867,3.130585910604196,3.1305864524093536,3.1305867542562664,3.1305871502131675,3.130587528346697,3.1305878927202127,3.1305882410876906,3.130588577477493,3.1305888994584525,3.130589210207025,3.1305895103019923,3.1305898089019344,3.1305900763363668,3.130590345006374,3.1305906910155485
2086.251531558185,3.1282568475797943,3.128258789350893,3.128260549397205,3.128262153504402,3.1282636209429677,3.1282649769792936,3.128266210914158,3.1282674432342876,3.128268433669293,3.1282694117725205,3.128270334128262,3.1282711967588988,3.1282720029805544,3.128272768837992,3.1282734732260806,3.1282741431534813,3.1282747769635004,3.128275374320324,3.1282759406153224,3.1282764774838765,3.1282769871204645,3.128277472390183,3.1282779485088694,3.128278372043712,3.128278791220638,3.1282791915981156,3.128279701352093,3.1282799404763963,3.128280292149372,3.1282806276340986,3.1282809512146126,3.128281260338652,3.1282815590294444,3.1282818447551484,3.1282821205963485,3.1282823871251604,3.128282653830347,3.128282889424183,3.128283127881896,3.128283452401054
2145.858718174133,3.1253384002309095,3.1253401494548947,3.125341734801239,3.1253431797805815,3.125344501472577,3.1253457238004847,3.125346834292651,3.1253479550782868,3.1253488373891463,3.1253489569777417,3.1253505475895325,3.125351324516184,3.125352050484973,3.1253527411002544,3.125353374523393,3.1253539777202617,3.1253545484814977,3.125355086335011,3.125355596259197,3.1253560796848987,3.1253565385854514,3.1253569755934203,3.125357406099114,3.125357785608119,3.1253574014274133,3.125358523468246,3.125359004677186,3.125359197780803,3.1253595144292374,3.125359816423653,3.125360107808783,3.1253603860764194,3.1253606550994886,3.125360912278678,3.125361160594492,3.125361400652431,3.1253616419520274,3.1253618527938776,3.1253620674892653,3.1253623716606023
2205.4659047900814,3.121632953785855,3.1216348030849748,3.1216363019834796,3.121637667985196,3.1216389174988977,3.1216400731419736,3.1216411226969973,3.1216421834798926,3.1216430165020213,3.121643137265547,3.1216446327988754,3.1216453670945423,3.1216460532984702,3.12164670619345,3.1216473047078543,3.121647874836796,3.1216484142445626,3.1216489226516217,3.1216494045808747,3.121649861440477,3.1216502951547747,3.1216507081131355,3.121651115443076,3.1216514736277174,3.121651118569998,3.121652170924679,3.12165263223892,3.121652808186799,3.1216531073927447,3.1216533928286405,3.121653668177395,3.1216539310952123,3.1216541853403017,3.121654428374451,3.121654663026501,3.1216548897702787,3.1216551181851817,3.12165531718516,3.1216555200099254,3.1216558088220574
2265.0730914060296,3.116897764435617,3.1168996365118624,3.116901182006834,3.116902590232892,3.1169038784398757,3.1169050686953463,3.116906151626843,3.116907232003933,3.116908102688564,3.1169083820587122,3.1169097702665427,3.1169105269923785,3.116911234577409,3.1169119065226276,3.1169125243649596,3.1169131122947307,3.116913668071744,3.1169141924179784,3.1169146891826767,3.1169151600336984,3.1169156071486595,3.1169160327067376,3.116916451103523,3.1169168220294274,3.116916609726538,3.1169175407431666,3.1169179976922528,3.1169181975960405,3.116918505812261,3.1169188001854913,3.1169190838759797,3.1169193550935015,3.1169196168951028,3.116919867648786,3.116920109566262,3.116920343056452,3.116920577389766,3.116920783834736,3.1169209928517,3.1169212761646867
2324.6802780219778,3.110834917646004,3.1108369624383743,3.1108387055146225,3.110840293658192,3.110841746305073,3.110843086394285,3.1108443095976455,3.1108455022265034,3.110846507680163,3.11084705675731,3.1108483911287372,3.1108492444843727,3.1108500428010326,3.1108507985365446,3.110851497284361,3.110852160786866,3.110852787421496,3.110853379158645,3.110853939529016,3.110854470701843,3.110854975022141,3.1108554546760465,3.110855923437548,3.110856345367885,3.110856337800909,3.110857156227034,3.110857629345616,3.110857897228388,3.1108582446470847,3.110858577075466,3.110858896713087,3.1108592030427675,3.1108594980393143,3.110859781272527,3.1108600541851748,3.1108603173025315,3.11086057918132,3.1108608147966046,3.110861050665442,3.1108613418384943
2384.287464637926,3.103212498605578,3.103214831016516,3.1032168747844504,3.103218736652518,3.103220439936818,3.1032220088530322,3.10322344519695,3.1032248152384403,3.1032260199909922,3.1032268880785487,3.1032282320020967,3.1032292323759134,3.103230169125313,3.1032310530531664,3.1032318747411245,3.1032326533262733,3.1032333880666423,3.1032340824306757,3.1032347397310587,3.103235362911353,3.1032359545224666,3.103236516862358,3.103237062849426,3.103237562115799,3.1032377748135334,3.1032385133470144,3.103239019861712,3.103239382731763,3.103239789957544,3.10324018035116,3.103240555009115,3.103240914777121,3.103241260624899,3.103241593157358,3.1032419133672504,3.103242221792856,3.1032425262320698,3.1032428058901456,3.103243082657006,3.1032433928575403
2443.894651253874,3.0940966812424215,3.0940993192585378,3.094101670988017,3.0941038133597796,3.094105773420756,3.0941075769325592,3.094109231530154,3.0941107865185664,3.094112192653139,3.0941133504775022,3.0941147410836787,3.0941158922901923,3.0941169707592073,3.094117986479079,3.094118933906869,3.09411983041517,3.0941206759584747,3.0941214755635764,3.0941222322945987,3.0941229496939373,3.0941236307892903,3.0941242780383957,3.0941249035620753,3.094125481658238,3.094125883237496,3.0941265768889523,3.0941271222298448,3.0941275778478543,3.0941280465277323,3.094128496265587,3.0941289273366333,3.0941293418683062,3.0941297398373213,3.094130123021013,3.0941304917366943,3.0941308466579454,3.0941311950369546,3.0941315194133114,3.0941318381195004,3.0941321713419003
2503.501837869822,3.0840111851347216,3.0840140757139887,3.0840166765549224,3.0840190458285828,3.0840212133876985,3.0840232071686784,3.0840250380682543,3.0840267443164513,3.084028311894299,3.0840296863057546,3.084031132098296,3.0840324053937938,3.084033598504792,3.0840347209858616,3.084035769934757,3.0840367618023774,3.0840376969715866,3.0840385817338327,3.084039418855382,3.084040212517205,3.084040965996541,3.0840416818842105,3.084042372091974,3.0840430136126575,3.0840435505652763,3.0840442252152407,3.0840448053648175,3.084045332748705,3.0840458510501603,3.084046348819085,3.0840468256415328,3.084047284432229,3.0840477245690887,3.0840481486761613,3.0840485566411386,3.0840489492211938,3.084049333405073,3.0840496937403157,3.084050046431443,3.084050400140356
2563.10902448577,3.073800348337033,3.073803423173017,3.0738062025311543,3.073808734366186,3.0738110507165084,3.073813180782093,3.0738151378499783,3.073816953963553,3.073818636044443,3.07382015450751,3.07382165074878,3.0738230114463985,3.0738242866694976,3.073825485832067,3.07382660738767,3.0738276675119454,3.0738286670144204,3.0738296126648357,3.0738305074247796,3.073831355706722,3.0738321610449724,3.0738329260485564,3.073833662949897,3.0738343495924054,3.073834972543096,3.073835644692342,3.073836252103606,3.0738368283917983,3.073837382341454,3.073837914442152,3.073838424109037,3.0738389145300604,3.073839384901618,3.0738398383327215,3.073840274356176,3.073840693892277,3.0738411039566604,3.0738414898023163,3.0738418667516036,3.07384223691498
2622.7162111017183,3.0642591457022466,3.064262338486347,3.0642652297178277,3.0642678634745364,3.064270273078088,3.064272488859517,3.064274524790128,3.0642764108816083,3.0642781638495022,3.064279763976276,3.0642813002028033,3.0642827157464865,3.0642840424425644,3.064285289837947,3.064286456721173,3.0642875596501318,3.0642885993668827,3.0642895832841464,3.0642905141203975,3.064291396632501,3.064292234456584,3.064293030346813,3.0642937967287693,3.064294511366594,3.064295179799352,3.064295858766877,3.0642964849742724,3.064297090261424,3.0642976665592037,3.0642982201632574,3.0642987503544576,3.064299260600354,3.06429974997677,3.0643002217394093,3.0643006754081665,3.0643011118584864,3.064301538294752,3.0643019399174203,3.0643023320952936,3.064302713820214
2682.3233977176665,3.0557901113100203,3.0557933406467774,3.055796264064104,3.055798927164188,3.0558013636323897,3.0558036043387102,3.055805662716099,3.0558075701810212,3.055809342642279,3.055810955958856,3.055812513660571,3.0558139449958763,3.055815286489504,3.0558165480827135,3.055817727715215,3.0558188429687236,3.055819894290125,3.055820889116128,3.0558218303859106,3.0558227227284886,3.055823569956589,3.0558243747171017,3.055825150068249,3.0558258722618934,3.0558265437307006,3.0558272347076167,3.0558278679988033,3.055828479933863,3.055829062721866,3.0558296225149144,3.0558301585870655,3.0558306745335515,3.0558311694094877,3.055831646441134,3.055832105168923,3.055832546428908,3.0558329779889135,3.0558333838490395,3.0558337803929163,3.0558341669718776
2741.9305843336147,3.048243753490302,3.0482468943205037,3.0482497296137794,3.048252312432173,3.0482546753946917,3.048256849303154,3.048258844929131,3.0482606994050725,3.0482624147321262,3.0482639454183,3.0482654890965586,3.048266877258953,3.0482681782247867,3.048269402455191,3.0482705457661976,3.04827162729405,3.048272646983612,3.048273611698468,3.048274524497202,3.0482753898866632,3.0482762115004474,3.048276992020539,3.0482777451884524,3.0482784442839934,3.0482790624013485,3.048279765549072,3.048280386493632,3.048280973153627,3.04828153834807,3.04828208117909,3.0482826011658455,3.048283101432341,3.048283581394099,3.0482840439806775,3.0482844887710385,3.0482849168179107,3.048285336189092,3.0482857287977763,3.048286113389957,3.0482864936888805
2801.537770949563,3.040934721298509,3.0409376035868316,3.0409401900620927,3.040942546202495,3.0409447018085354,3.0409466861978407,3.0409485053601784,3.0409502066562686,3.040951763350596,3.040953094526451,3.040954565936313,3.040955832222844,3.0409570187940624,3.040958136805374,3.0409591784080954,3.040960164814304,3.0409610949042887,3.0409619747677663,3.0409628073739103,3.0409635966621344,3.040964346073054,3.04096505801405,3.0409657473334066,3.0409663825256015,3.0409668828569085,3.0409675875911595,3.0409681689210597,3.040968688975764,3.0409692045461263,3.0409696995493287,3.040970173853375,3.0409706300798596,3.040971067842977,3.040971489681833,3.0409718953865688,3.040972285828222,3.040972670055043,3.0409730262988,3.0409733770391356,3.0409737350119013
2861.144957565511,3.0327433116337392,3.0327458064746935,3.0327480269536573,3.0327500497377913,3.0327519002917005,3.032753605468964,3.0327551654639526,3.0327566387452074,3.0327579643260623,3.0327590293158573,3.0327603676694594,3.0327614546610193,3.0327624730243845,3.0327634342773666,3.032764326708241,3.0327651732336443,3.0327659716095114,3.032766726655139,3.032767441224648,3.032768118665504,3.0327687617949795,3.032769372875224,3.0327699675832833,3.032770509463668,3.0327708633354415,3.0327715436778386,3.032772063823889,3.0327724888789973,3.032772931386038,3.0327733560946384,3.032773763186087,3.03277415459829,3.032774530396344,3.0327748922551057,3.032775240391153,3.032775575534569,3.032775907425422,3.032776210867445,3.0327765118870302,3.0327768336832666
2920.7521441814592,3.021909566351518,3.021911750582832,3.021913684619652,3.0219154463901754,3.021917058032761,3.0219185442319567,3.0219199015324576,3.021921193103532,3.021922340438083,3.021923223957829,3.021924431450125,3.0219253778934583,3.021926264562804,3.0219271026696792,3.021927878460588,3.021928615467852,3.0219293105079106,3.021929967870027,3.021930589930251,3.021931179680997,3.02193173953636,3.0219322715140877,3.0219327917154994,3.0219332609160796,3.0219335267325587,3.021934161173095,3.021934629421726,3.021934983959558,3.0219353691150643,3.021935738835646,3.021936093201533,3.021936433892489,3.0219367609363066,3.021937075920443,3.0219373789841826,3.0219376706885552,3.021937961225419,3.021938223660283,3.0219384855901095,3.0219387756404448
2980.3593307974074,3.0049583786578364,3.0049606334193153,3.0049626413969124,3.00496447037287,3.0049661435810844,3.0049676857401613,3.0049690954546198,3.004970428802819,3.0049716267011206,3.0049725920155193,3.0049737982869824,3.004974780748839,3.004975701331151,3.004976570745206,3.0049773766187626,3.0049781418805317,3.004978863311755,3.0049795458531845,3.0049801916209926,3.0049808038746644,3.0049813851021527,3.0049819372504025,3.0049824763675304,3.004982964499333,3.0049832877220353,3.0049838990821436,3.004984372922214,3.0049847531646114,3.0049851528921314,3.0049855368240235,3.0049859045586476,3.0049862583919413,3.0049865977830037,3.0049869249090793,3.0049872394935235,3.0049875421903205,3.0049878431024504,3.0049881163376164,3.0049883882747306,3.00498868102794
3039.966517413355,2.976115198168681,2.9761177921458057,2.9761201223179516,2.9761222446698232,2.9761241863950074,2.976125974474476,2.9761276121157523,2.976129144816842,2.9761305480123665,2.9761317538115515,2.9761330708695293,2.976134211157093,2.976135279921425,2.97613628749668,2.976137224590682,2.9761381131284974,2.9761389505320874,2.9761397430722956,2.9761404928144284,2.976141203615857,2.9761418784025477,2.97614251936435,2.9761431424592732,2.9761437122035077,2.9761441709179945,2.976144797342468,2.9761453219153267,2.976145789111501,2.9761462531197562,2.976146699033401,2.9761471259189203,2.976147536931116,2.9761479308973744,2.976148310869241,2.976148676164083,2.976149027490932,2.9761493749029095,2.9761496944310375,2.9761500102199956,2.9761503333760317
3099.5737040293034,2.932434713257588,2.932437549616337,2.9324401077443767,2.9324424378098586,2.9324445695510346,2.9324465318934836,2.9324483306902955,2.932450005945986,2.9324515532520024,2.932452920356568,2.9324543243768537,2.932455576371664,2.9324567500743313,2.932457855657087,2.932458885389744,2.932459861187231,2.9324607807082272,2.932461651057338,2.9324624743703898,2.9324632549843095,2.932463996031088,2.9324646997248105,2.9324653827956815,2.9324660098789743,2.9324665558134777,2.9324672015820368,2.9324677647500406,2.932468290781071,2.9324688003174173,2.932469290059723,2.932469758801634,2.932470210303002,2.93247064294765,2.9324710603349207,2.9324714615146417,2.9324718473415357,2.9324722279410955,2.9324725798579285,2.9324729266798015,2.9324732732220506
3159.1808906452516,2.88035624241324,2.880359690100363,2.8803618643106454,2.8803647882477263,2.8803670114399207,2.880369057931774,2.880370439988266,2.880372184493564,2.880374294569122,2.8803757351632937,2.8803766912069975,2.880378490348436,2.8803792211100574,2.8803808678927636,2.88038194217917,2.880382959607335,2.880383424913393,2.8803843327874707,2.88038519155303,2.8803860056842416,2.8803872721674693,2.880388006075972,2.8803882250391886,2.880388879048727,2.8803899567786093,2.880390615806747,2.8803911981118655,2.8803917516262847,2.8803922830381157,2.880392794218888,2.8803932827472973,2.8803937537248037,2.880394205247352,2.8803946404834178,2.880395058465818,2.880395461340302,2.880395858070137,2.8803957318421047,2.880396093651759,2.8803964522102623
3218.7880772611998,2.828283698341695,2.828286719178577,2.8282893478935818,2.828291842156825,2.8282937562244594,2.828296133163059,2.828297965601644,2.828299398550629,2.8283013959859384,2.828302842937327,2.8283039277783053,2.828305611978045,2.828306789853621,2.8283076813981816,2.828309080217241,2.8283097831987694,2.8283110141750094,2.82831192658947,2.8283127895022586,2.828313607706206,2.8283144367634714,2.8283148546391423,2.828315519198586,2.828316495189586,2.828317134380488,2.8283177966677187,2.8283183810480423,2.828318938301114,2.828319472243079,2.8283199858256594,2.828320476940645,2.8283209503053666,2.828321084092789,2.8283218412855877,2.8283219421863843,2.828322666115282,2.8283230655188136,2.82832338157034,2.8283237451696923,2.8283241054893504
3278.395263877148,2.773239571672974,2.7732425567497807,2.7732451426860067,2.7732475712524587,2.7732497866075043,2.7732518383433558,2.7732536386210276,2.773255415990051,2.7732569908710243,2.773258411778182,2.7732598445858723,2.7732611463232018,2.7732623743685787,2.7732635513997996,2.773264565454065,2.773265586711609,2.7732665025698537,2.773267402135614,2.7732682527930517,2.7732690593291283,2.773269846235311,2.7732705861377394,2.773271273057934,2.7732719059353474,2.7732725009229338,2.7732731585168633,2.7732737345616614,2.7732743203231753,2.773274810305,2.7732753165588804,2.7732758007270344,2.773276303797474,2.7732767272304026,2.773277145722817,2.7732775732347195,2.7732779587500653,2.773278389831677,2.7732786946830954,2.7732790894391686,2.773279445478174
3338.002450493096,2.6999768920016813,2.699979872445672,2.699982461128392,2.6999848844555148,2.699987100049718,2.699989130608566,2.699990959401193,2.699992716621214,2.6999943052443007,2.6999957266922903,2.6999971677258245,2.6999984602358333,2.69999967225622,2.700000846405209,2.700001879605389,2.7000029028881167,2.700003824065631,2.7000047237966527,2.700005574591258,2.700006381129291,2.700007160739697,2.700007900480589,2.7000085980479427,2.700009225831159,2.7000098167248376,2.700010473175977,2.700011047265091,2.700011613407835,2.700012124838183,2.7000126313134367,2.7000131153461675,2.7000136181456216,2.700014043952053,2.7000144605966714,2.7000148900016074,2.7000152735488814,2.7000157065597477,2.700016016950199,2.7000163881076746,2.700016745791643
3397.6096371090443,2.583066470695801,2.5830694517966792,2.5830721108388905,2.583074545925475,2.5830767894278117,2.5830788315612825,2.583080708279362,2.5830824643024366,2.583084089624929,2.5830855317362613,2.5830869743132783,2.5830882946758082,2.583089520822497,2.583090688777655,2.583091747606929,2.5830927807514583,2.583093726876956,2.5830946351697186,2.583095501749333,2.5830963182540887,2.5830970947279637,2.583097838280729,2.583098545342792,2.5830992017241985,2.583099789515579,2.58310045429666,2.5831010325835315,2.5831015977813223,2.583102126062302,2.5831026335086142,2.583103128679225,2.5831036074589426,2.5831040577073847,2.583104485433427,2.5831049142741627,2.5831053131806763,2.583105722705581,2.583106071695448,2.5831064408015116,2.583106797767056
3457.2168237249925,2.381821922778556,2.3818249412602706,2.381827632779928,2.3818301001079454,2.3818323585773213,2.3818344401596963,2.381836341746692,2.381838111794134,2.381839749819749,2.381841224167629,2.381842677487177,2.3818440106108056,2.381845251385697,2.381846428380414,2.381847513648678,2.3818485455785545,2.3818495289036825,2.381850440255072,2.3818513103466232,2.381852136858508,2.3818529382717775,2.381853673252559,2.381854391607064,2.381855057063562,2.3818556561392223,2.3818563299083317,2.3818569027693988,2.381857472289639,2.381858012547094,2.3818585331255933,2.3818590332041683,2.3818595155193085,2.38185996136207,2.3818604079227566,2.381860828579177,2.3818612388680735,2.3818616502696224,2.3818620106305217,2.3818623759844835,2.3818627392532656
3516.8240103409407,2.0262807870462924,2.026283834287381,2.026286552534473,2.0262890407333236,2.026291316730128,2.0262934187801984,2.0262953449822976,2.0262971243840417,2.0262987813346314,2.0263002733738293,2.0263017350074723,2.0263030847477226,2.026304336866091,2.026305518416325,2.0263066216691845,2.0263076589128777,2.0263086609356074,2.026309579697234,2.0263104571458053,2.0263112917276267,2.026312100556044,2.0263128371684536,2.0263135633283045,2.0263142406023724,2.026314844885784,2.0263155242404816,2.0263160985079436,2.0263166725876087,2.0263172214594385,2.0263177482684984,2.0263182524000585,2.0263187375107075,2.0263191847932407,2.0263196412871123,2.0263200604207334,2.0263204790579,2.0263208945363207,2.026321260800398,2.0263216243779403,2.026321992301634
3576.4311969568885,,,,,,,,,,,,,,,,,,,,,,,,,,,,,,,,,,,,,,,,1.4000070000000093
